AAACTTGATCCAGA-1,Naive CD4 T
AAAGAGACGAGATA-1,Naive CD4 T
AAAGCCTGTATGCG-1,Memory CD4 T
AAAGTTTGGGGTGA-1,B
AAATCAACCAGGAG-1,Naive CD4 T
AAATCAACCCTATT-1,FCGR3A+ Mono
AAATGTTGAACGAA-1,CD14+ Mono
AACAATACGACGAG-1,Naive CD4 T
AACACGTGTACGAC-1,FCGR3A+ Mono
AACAGCACAAGAGT-1,CD14+ Mono
AACCCAGATCGCTC-1,Naive CD4 T
AACCGATGCTCCCA-1,Naive CD4 T
AACCGCCTCTACGA-1,CD14+ Mono
AACCTTTGTACGCA-1,FCGR3A+ Mono
AACGCATGCCTTCG-1,Naive CD4 T
AACTTGCTGGGACA-1,Naive CD4 T
AAGATTACAACCTG-1,Naive CD4 T
AAGCACTGCATACG-1,Naive CD4 T
AAGCCATGACACGT-1,CD14+ Mono
AAGCGACTGTGTCA-1,Naive CD4 T
AATAAGCTCGAATC-1,Memory CD4 T
AATAGGGAACCCTC-1,B
AATCCGGAATGCTG-1,B
AATCTCTGAACAGA-1,Naive CD4 T
AATGATACGGTCAT-1,CD14+ Mono
AATGCGTGGCTATG-1,B
AATGGCTGCGTGAT-1,Memory CD4 T
AATTACGATTGGCA-1,B
ACAAATTGATTCTC-1,FCGR3A+ Mono
ACAAATTGTTGCGA-1,NK
ACAAGAGAGTTGAC-1,B
ACACCAGAGGGCAA-1,CD8 T
ACAGCAACCTCAAG-1,FCGR3A+ Mono
ACAGGTACGCTGTA-1,CD8 T
ACAGTCGACCGATA-1,CD8 T
ACATGGTGCGAGTT-1,Naive CD4 T
ACCACAGAAAGTAG-1,Naive CD4 T
ACCAGCCTGACAGG-1,Memory CD4 T
ACCAGTGATGACTG-1,CD14+ Mono
ACCATTACCTTCTA-1,Naive CD4 T
ACCCACTGTCGTAG-1,CD14+ Mono
ACCCAGCTCAGAAA-1,Memory CD4 T
ACCCGTTGATGACC-1,B
ACCCGTTGCTTCTA-1,DC
ACCCTCGACGGTAT-1,B
ACCCTCGATCAAGC-1,FCGR3A+ Mono
ACCGTGCTACCAGT-1,Memory CD4 T
ACCTATTGCTGAGT-1,B
ACCTGAGATATCGG-1,Platelet
ACCTTTGACTCCCA-1,CD14+ Mono
ACGACCCTATCTCT-1,FCGR3A+ Mono
ACGACCCTTGACAC-1,B
ACGACCCTTGACCA-1,Naive CD4 T
ACGAGTACGAATCC-1,B
ACGCCACTGAACTC-1,CD14+ Mono
ACGCCGGAAACCAC-1,CD14+ Mono
ACGCTGCTGTTCTT-1,NK
ACGGTAACGGTGGA-1,Naive CD4 T
ACGGTATGAGTCGT-1,CD14+ Mono
ACGGTCCTAACGGG-1,Memory CD4 T
ACGTCCTGATAAGG-1,CD14+ Mono
ACGTCGCTTCTCAT-1,B
ACGTGATGGGTCTA-1,Naive CD4 T
ACGTGCCTCCGTAA-1,Memory CD4 T
ACGTTACTTTCCAT-1,Naive CD4 T
ACTACGGATCGCTC-1,Naive CD4 T
ACTATCACTGCCAA-1,Naive CD4 T
ACTCTCCTGTTTGG-1,Naive CD4 T
ACTGAGACAACCAC-1,CD8 T
ACTTAAGAACCACA-1,Naive CD4 T
ACTTAGCTGCGTAT-1,FCGR3A+ Mono
ACTTGACTCCACAA-1,B
ACTTGGGAGAAAGT-1,CD14+ Mono
ACTTGGGATTGACG-1,CD14+ Mono
AGAACAGAAATGCC-1,NK
AGAACAGACGACTA-1,B
AGAATGGAAGAAGT-1,CD8 T
AGAATTTGTAACCG-1,Naive CD4 T
AGACCTGAAGTAGA-1,CD14+ Mono
AGACCTGACCAACA-1,Memory CD4 T
AGACGTACTCGTGA-1,FCGR3A+ Mono
AGACTTCTCATGCA-1,B
AGAGATGAGGTTTG-1,CD14+ Mono
AGAGATGATCTCGC-1,B
AGAGTGCTGTCATG-1,Memory CD4 T
AGATATACGATGAA-1,Memory CD4 T
AGATTAACGTTCTT-1,FCGR3A+ Mono
AGCATCGAGTGAGG-1,Memory CD4 T
AGCCGTCTGAGAGC-1,Memory CD4 T
AGCCTCACGTTCGA-1,Naive CD4 T
AGCGATTGAGATCC-1,NK
AGCTGCCTTTCTGT-1,Memory CD4 T
AGCTTTACAAGTAG-1,Naive CD4 T
AGCTTTACTCTCAT-1,B
AGGAAATGAGGAGC-1,Memory CD4 T
AGGAACCTCTTAGG-1,FCGR3A+ Mono
AGGAGTCTTGTCAG-1,Naive CD4 T
AGGCAACTGAAGGC-1,Naive CD4 T
AGGCAGGAGTACCA-1,CD8 T
AGGGACGAGTTGTG-1,Naive CD4 T
AGGGAGTGAGCCTA-1,Naive CD4 T
AGGGCGCTAACCAC-1,CD14+ Mono
AGGGCGCTATGGTC-1,Memory CD4 T
AGGGTTTGTTCATC-1,CD14+ Mono
AGGTTCGAACGTAC-1,CD14+ Mono
AGTAATACATCACG-1,NK
AGTAATTGTCCCAC-1,Memory CD4 T
AGTACGTGAGGGTG-1,Naive CD4 T
AGTACTCTCGGTAT-1,Memory CD4 T
AGTATCCTAGAACA-1,Naive CD4 T
AGTCAGACGAATAG-1,Memory CD4 T
AGTCGAACCAACCA-1,Naive CD4 T
AGTCTACTTGCATG-1,FCGR3A+ Mono
AGTCTTACTTCGCC-1,CD8 T
AGTTGTCTACTACG-1,Naive CD4 T
ATAACCCTTGGTAC-1,Memory CD4 T
ATACAATGTTAGGC-1,Naive CD4 T
ATACCACTCTAAGC-1,DC
ATACCACTGCCAAT-1,NK
ATACCGGACATTTC-1,CD14+ Mono
ATACTCTGCTTCGC-1,CD14+ Mono
ATAGATACCATGGT-1,Memory CD4 T
ATAGATTGGTGTAC-1,B
ATAGCTCTCTGATG-1,Naive CD4 T
ATAGTCCTAGTGTC-1,CD14+ Mono
ATAGTCCTTGTCGA-1,Naive CD4 T
ATAGTTGATAAGCC-1,Naive CD4 T
ATATGCCTAGATCC-1,CD14+ Mono
ATATGCCTTGGTAC-1,Naive CD4 T
ATCACGGATTTCGT-1,B
ATCCCGTGCAGTCA-1,NK
ATCCCGTGCATGCA-1,B
ATCCTAACGACGGA-1,B
ATCGACGAATGACC-1,Naive CD4 T
ATCGGAACCAGTCA-1,Naive CD4 T
ATCTCAACCTTGTT-1,CD14+ Mono
ATCTGGGAAGTGTC-1,CD14+ Mono
ATCTGTTGAACGGG-1,Memory CD4 T
ATCTGTTGACCTCC-1,Naive CD4 T
ATGACGTGACGACT-1,B
ATGAGAGAACGCAT-1,Naive CD4 T
ATGAGAGAAGTAGA-1,B
ATGATATGAGCACT-1,Naive CD4 T
ATGCACGAATGTCG-1,B
ATGCACGACTGTAG-1,Memory CD4 T
ATGCGCCTTCATTC-1,Naive CD4 T
ATGTTCACAGTCTG-1,CD14+ Mono
ATTCAAGACCTTTA-1,Memory CD4 T
ATTGATGAAGGTTC-1,Naive CD4 T
ATTGATGACTGAGT-1,Naive CD4 T
ATTGCACTGACGGA-1,Naive CD4 T
ATTGTCTGCGTACA-1,Memory CD4 T
ATTTCCGAGATGAA-1,Memory CD4 T
ATTTCTCTAGCAAA-1,Memory CD4 T
ATTTCTCTTCCCAC-1,Naive CD4 T
CAAAGCACGGTAAA-1,CD8 T
CAAATTGAGGGCAA-1,Naive CD4 T
CAACCAGAGTTCAG-1,CD14+ Mono
CAACGTGACTCCAC-1,CD14+ Mono
CAAGGACTTCTTTG-1,CD8 T
CAAGTCGAAACAGA-1,B
CAATATGACGTTAG-1,Naive CD4 T
CAATCTACTGACTG-1,NK
CACAATCTTGTTCT-1,CD8 T
CACACCTGTATGGC-1,Naive CD4 T
CACAGCCTGATACC-1,CD8 T
CACATGGAAGTCGT-1,Naive CD4 T
CACCGGGACTTCTA-1,Memory CD4 T
CAGACATGAACGGG-1,Naive CD4 T
CAGACCCTAATGCC-1,Naive CD4 T
CAGACCCTAGGAGC-1,Memory CD4 T
CAGATGACATTCTC-1,NK
CAGCAATGCCTTCG-1,Naive CD4 T
CAGCACCTAGGCGA-1,Naive CD4 T
CAGCACCTGTAGGG-1,CD14+ Mono
CAGCGGACCTTTAC-1,NK
CAGCGTCTAAAGCA-1,Memory CD4 T
CAGCGTCTTATCGG-1,Memory CD4 T
CAGGAACTAACTGC-1,CD8 T
CAGGCCGACTAGCA-1,B
CAGGGCACTCCCGT-1,Memory CD4 T
CAGTTACTAAGGTA-1,B
CAGTTGGAAAGAGT-1,CD14+ Mono
CATAAAACGGAGCA-1,CD14+ Mono
CATATAGATCAGGT-1,B
CATCAGGACTTCCG-1,NK
CATCAGGATAGCCA-1,NK
CATCATACCGCATA-1,CD14+ Mono
CATCGGCTATGCTG-1,Memory CD4 T
CATGCGCTCAGATC-1,CD14+ Mono
CATGCGCTTTGCAG-1,FCGR3A+ Mono
CATGGCCTAGGGTG-1,CD14+ Mono
CATGTACTATCGTG-1,CD8 T
CATGTTACAGTCGT-1,CD8 T
CATTACACCAACTG-1,NK
CATTGGGACTCGAA-1,Naive CD4 T
CATTGTACTCGATG-1,B
CCAAAGTGTGAGAA-1,CD14+ Mono
CCAACCTGAAGTAG-1,CD8 T
CCACCATGAACGTC-1,Naive CD4 T
CCACTGACCCGCTT-1,CD14+ Mono
CCAGAAACCCTGTC-1,B
CCAGCACTGCGATT-1,FCGR3A+ Mono
CCAGCGGACGACTA-1,CD14+ Mono
CCAGGTCTAGCATC-1,CD14+ Mono
CCAGGTCTATGGTC-1,Memory CD4 T
CCAGTCACACTGTG-1,B
CCATCGTGAACGGG-1,Memory CD4 T
CCATCGTGCTAGAC-1,FCGR3A+ Mono
CCCAACTGCAATCG-1,CD14+ Mono
CCGAAAACCTTGTT-1,FCGR3A+ Mono
CCGATAGACCTAAG-1,Naive CD4 T
CCGCGAGACACACA-1,CD14+ Mono
CCGCTATGGGACGA-1,B
CCGTACACAGCGTT-1,B
CCGTACACGTCATG-1,CD8 T
CCGTACACTAACGC-1,CD8 T
CCTAAGGACTAGCA-1,CD14+ Mono
CCTAAGGATGATGC-1,Naive CD4 T
CCTAAGGATGTCAG-1,Naive CD4 T
CCTACCGAGGGATG-1,B
CCTTTAGATTCATC-1,CD14+ Mono
CGAAGACTGGAACG-1,CD8 T
CGAAGTACCAACTG-1,B
CGACAAACCCATAG-1,Naive CD4 T
CGACTCACGTCGTA-1,Naive CD4 T
CGACTGCTTCCTCG-1,CD14+ Mono
CGAGAACTACGTTG-1,Naive CD4 T
CGAGGAGATGTCGA-1,Naive CD4 T
CGAGGCACTATGCG-1,CD14+ Mono
CGAGGCACTCTTCA-1,CD8 T
CGAGGGCTCGAATC-1,Naive CD4 T
CGATCAGAAGAACA-1,CD8 T
CGATCCACCGGGAA-1,CD8 T
CGCACTACTCGTGA-1,CD8 T
CGCAGGACAGATCC-1,CD8 T
CGCAGGTGCCATAG-1,FCGR3A+ Mono
CGCAGGTGGGAACG-1,Memory CD4 T
CGCCATTGGAGCAG-1,B
CGCGATCTCAGTCA-1,CD14+ Mono
CGCGATCTTTCTTG-1,B
CGCGGATGGCCAAT-1,Memory CD4 T
CGCTACTGTGAGCT-1,Naive CD4 T
CGGAGGCTATTCCT-1,Naive CD4 T
CGGCATCTTCGTAG-1,CD14+ Mono
CGGCCAGAAAGGTA-1,Naive CD4 T
CGGGCATGTTGTGG-1,Naive CD4 T
CGTACCACACACAC-1,Memory CD4 T
CGTACCACACGTTG-1,Naive CD4 T
CGTCAAGACAGGAG-1,CD8 T
CGTGTAGAGTTACG-1,NK
CGTTATACCCTGAA-1,CD8 T
CTAACACTAACGTC-1,Memory CD4 T
CTAATAGAGCTATG-1,Naive CD4 T
CTACCTCTCAACCA-1,Memory CD4 T
CTACTATGTAAAGG-1,B
CTAGATCTTCGACA-1,Memory CD4 T
CTAGTTACCAGAGG-1,Naive CD4 T
CTATACTGAGGTTC-1,CD14+ Mono
CTATACTGTTCGTT-1,Naive CD4 T
CTATAGCTTGCCTC-1,CD14+ Mono
CTATCAACGAACTC-1,Naive CD4 T
CTATCAACTTTGGG-1,Naive CD4 T
CTATGTACGAGAGC-1,Memory CD4 T
CTATGTTGAAAGCA-1,Memory CD4 T
CTCAATTGGTTCAG-1,Memory CD4 T
CTCAGAGATAGAAG-1,Naive CD4 T
CTCAGCTGCAGTTG-1,Naive CD4 T
CTCAGGCTCGTTGA-1,FCGR3A+ Mono
CTCGACTGGGTGAG-1,Naive CD4 T
CTCTAAACGGCGAA-1,Naive CD4 T
CTCTAATGTCCAAG-1,CD14+ Mono
CTGAAGTGAAGCCT-1,FCGR3A+ Mono
CTGAAGTGTCCAGA-1,Naive CD4 T
CTGATACTAGTAGA-1,Naive CD4 T
CTGCAGCTGACACT-1,Naive CD4 T
CTGCAGCTTGGCAT-1,CD8 T
CTGCCAACAGGAGC-1,Memory CD4 T
CTGCCAACTAACCG-1,CD14+ Mono
CTGCCAACTTGCAG-1,Naive CD4 T
CTGGATGACTTGTT-1,Memory CD4 T
CTGTATACGTAAAG-1,Naive CD4 T
CTGTATACGTACGT-1,CD14+ Mono
CTGTGAGACAACCA-1,FCGR3A+ Mono
CTGTGAGACCTTGC-1,CD8 T
CTTAAAGAACCTGA-1,Naive CD4 T
CTTAACACTATCGG-1,B
CTTTACGAGCGAAG-1,Naive CD4 T
CTTTAGACGATACC-1,Naive CD4 T
CTTTAGACGTTGGT-1,CD8 T
GAAACCTGCTTATC-1,Naive CD4 T
GAAAGATGCTTCGC-1,CD14+ Mono
GAAAGTGACCACAA-1,CD14+ Mono
GAAATACTTCCTCG-1,Memory CD4 T
GAACACACTGCCTC-1,Naive CD4 T
GAACCTGAGAGACG-1,Memory CD4 T
GAACCTGATGAACC-1,Memory CD4 T
GAAGCTACGGTTTG-1,Memory CD4 T
GAAGGGTGCTTAGG-1,CD14+ Mono
GAAGGTCTGAAAGT-1,Memory CD4 T
GAAGTAGATCCAAG-1,FCGR3A+ Mono
GAATTAACGTCGTA-1,NK
GACAACACTCGCCT-1,Naive CD4 T
GACGGCACGAGATA-1,CD14+ Mono
GACGTCCTACGGAG-1,Memory CD4 T
GACGTCCTCTCAAG-1,CD14+ Mono
GACTCCTGTTATCC-1,Memory CD4 T
GACTGAACCAATCG-1,CD14+ Mono
GACTTTACGACAGG-1,B
GAGATAGAAAAAGC-1,CD14+ Mono
GAGCGCACGCGTAT-1,CD14+ Mono
GAGCGGCTGGGAGT-1,B
GAGGGTGAAGAGTA-1,Naive CD4 T
GAGGTACTTAGCGT-1,CD14+ Mono
GAGGTGGAGTACGT-1,Naive CD4 T
GAGTGACTCTTGCC-1,B
GAGTGGGAGTCTTT-1,B
GAGTGGGATGCCCT-1,Naive CD4 T
GAGTTGTGTATGCG-1,FCGR3A+ Mono
GATACTCTTGACTG-1,CD14+ Mono
GATATAACAAGGTA-1,Memory CD4 T
GATATATGTCCGTC-1,CD8 T
GATATCCTCCCGTT-1,CD14+ Mono
GATATTGACAGGAG-1,CD8 T
GATCCCTGACCTTT-1,NK
GATCTTACGAGATA-1,CD14+ Mono
GATTGGACTTTCGT-1,B
GATTTGCTAACGGG-1,CD14+ Mono
GCACAAACGGTACT-1,Memory CD4 T
GCACAATGGTGCAT-1,CD14+ Mono
GCACCACTGTTTGG-1,CD14+ Mono
GCACCTTGGCTGTA-1,Naive CD4 T
GCACGGACCAGCTA-1,Memory CD4 T
GCAGATACAGCGTT-1,CD8 T
GCAGATACGCAGAG-1,Naive CD4 T
GCAGGGCTTGGGAG-1,CD8 T
GCAGTCCTAACTGC-1,Memory CD4 T
GCATTGGAGAAGGC-1,Memory CD4 T
GCCGACGAACTCTT-1,CD14+ Mono
GCCGTACTGGCAAG-1,CD14+ Mono
GCCTAGCTACGGAG-1,B
GCCTAGCTCTATTC-1,Naive CD4 T
GCCTAGCTTCTCAT-1,Naive CD4 T
GCCTAGCTTCTCTA-1,FCGR3A+ Mono
GCCTCAACCATGGT-1,Naive CD4 T
GCGATATGGTACGT-1,Naive CD4 T
GCGCACGAAGTCGT-1,Naive CD4 T
GCGCACGACTTTAC-1,CD14+ Mono
GCGCGATGAACGGG-1,Naive CD4 T
GCGGCAACCCGATA-1,Naive CD4 T
GCGGCAACTGTCGA-1,CD14+ Mono
GCTACAGAATCTTC-1,B
GCTATACTCTCTTA-1,Naive CD4 T
GCTTAACTACTGGT-1,CD8 T
GGAAGGACGCGAAG-1,Memory CD4 T
GGACGCTGTCCTCG-1,NK
GGAGCCACCTTCTA-1,B
GGAGGATGGTTGAC-1,CD14+ Mono
GGAGGTGATACGCA-1,Memory CD4 T
GGCAAGGAAGAAGT-1,Memory CD4 T
GGCATATGTGTGAC-1,Memory CD4 T
GGCCGAACAACGAA-1,Naive CD4 T
GGCCGAACTCTAGG-1,NK
GGCGCATGCCTAAG-1,FCGR3A+ Mono
GGCGCATGTGGAAA-1,Naive CD4 T
GGCTAATGAGCACT-1,CD8 T
GGGAAGTGTTGAGC-1,CD14+ Mono
GGGACCACGTCATG-1,Naive CD4 T
GGGACCACTCAAGC-1,Naive CD4 T
GGTACATGAGCTCA-1,Memory CD4 T
GGTACATGTGGGAG-1,Memory CD4 T
GGTAGTACGCCATA-1,CD14+ Mono
GGTATCGAGACAAA-1,CD14+ Mono
GGTATCGATGAACC-1,B
GGTGGAGAAGTAGA-1,Memory CD4 T
GGTGGAGATCGATG-1,Memory CD4 T
GGTTTACTACGCAT-1,CD8 T
GTAACGTGCAGCTA-1,B
GTAACGTGGTTGAC-1,B
GTAGACTGAGATGA-1,CD14+ Mono
GTAGCATGTAAGCC-1,CD14+ Mono
GTAGCTGAATTCGG-1,Naive CD4 T
GTAGTGTGAGCGGA-1,NK
GTATCTACGTTACG-1,Memory CD4 T
GTATTCACGGGTGA-1,CD8 T
GTCATACTTCGCCT-1,Platelet
GTCATACTTTACCT-1,CD8 T
GTCGACCTGAATGA-1,NK
GTGATTCTGGTTCA-1,NK
GTGTACGATCAGTG-1,Naive CD4 T
GTGTATCTGTTACG-1,B
GTTAGGTGCCAGTA-1,CD14+ Mono
GTTAGTCTAAGAAC-1,CD8 T
GTTATGCTTTCATC-1,Naive CD4 T
GTTGTACTTTTGGG-1,Memory CD4 T
TAACACCTTGTTTC-1,Platelet
TAACCGGACTTACT-1,Naive CD4 T
TAACGTCTCATTGG-1,Naive CD4 T
TAACTCACGAGGAC-1,CD14+ Mono
TAAGAGGACTAAGC-1,B
TAAGAGGACTTGTT-1,NK
TAAGGGCTGCTGTA-1,Memory CD4 T
TAAGGGCTTTACTC-1,Naive CD4 T
TAATGCCTCGTCTC-1,NK
TACATCACACGGGA-1,Naive CD4 T
TACATCACGCTAAC-1,B
TACCATTGAGGTTC-1,Naive CD4 T
TACCATTGGGGATG-1,CD14+ Mono
TACCGGCTGTTGGT-1,Naive CD4 T
TACGAGTGGTTGGT-1,Memory CD4 T
TACGCCACATTCCT-1,Memory CD4 T
TACTAAGAAAGGTA-1,B
TACTAAGAATCACG-1,Naive CD4 T
TACTAAGATTGCGA-1,Memory CD4 T
TACTACACGAGAGC-1,Memory CD4 T
TACTACTGAACCTG-1,CD14+ Mono
TACTCTGAATCGAC-1,NK
TACTCTGACGAGTT-1,Memory CD4 T
TACTGGGATCGATG-1,Naive CD4 T
TAGAAACTGCTTCC-1,CD14+ Mono
TAGCATCTCAGCTA-1,NK
TAGCCCACAGCCAT-1,CD8 T
TAGCCGCTTTCCAT-1,CD14+ Mono
TAGGACTGTGCTGA-1,Memory CD4 T
TAGGAGCTAAGGCG-1,B
TAGGTGACACGTTG-1,B
TAGTAAACGTCACA-1,Memory CD4 T
TAGTCTTGTGGAAA-1,CD8 T
TATACCACCTGATG-1,B
TATACGCTACCAAC-1,Memory CD4 T
TATCGACTACTAGC-1,CD8 T
TATCGTACATTCCT-1,CD14+ Mono
TATCTCGAGAGATA-1,Naive CD4 T
TATCTGACAGGTTC-1,CD8 T
TATCTGACTGTTTC-1,Memory CD4 T
TATCTTCTAAACAG-1,Naive CD4 T
TATGCGGATAACCG-1,Memory CD4 T
TATGTCACTTCTCA-1,B
TATGTGCTCCGATA-1,CD14+ Mono
TATTTCCTATTGGC-1,CD14+ Mono
TATTTCCTGGAGGT-1,NK
TCAAGGACATTCTC-1,CD8 T
TCACATACACTTTC-1,Memory CD4 T
TCACCGTGCTCGCT-1,FCGR3A+ Mono
TCACCTCTACGACT-1,CD8 T
TCACCTCTTCCAAG-1,FCGR3A+ Mono
TCACTATGGGGCAA-1,CD8 T
TCAGCGCTCTAGTG-1,CD8 T
TCAGCGCTGGATCT-1,B
TCATCAACCCGATA-1,Naive CD4 T
TCCACTCTACACTG-1,Memory CD4 T
TCCCGAACACAGTC-1,NK
TCCTAATGGTTTGG-1,CD8 T
TCGACCTGCCGATA-1,FCGR3A+ Mono
TCGACGCTTCTATC-1,CD14+ Mono
TCGATACTTGCACA-1,Memory CD4 T
TCGCCATGAGACTC-1,Naive CD4 T
TCGGTAGATCCCAC-1,B
TCTAGACTTAGAAG-1,CD14+ Mono
TCTCTAGAATTTCC-1,Memory CD4 T
TCTGATACACGTGT-1,Naive CD4 T
TGAAATTGGTGAGG-1,CD14+ Mono
TGAACCGATTCGGA-1,FCGR3A+ Mono
TGACCAGAGGATTC-1,Naive CD4 T
TGACCGCTCTGCAA-1,Naive CD4 T
TGACGATGCAAAGA-1,CD14+ Mono
TGACGCCTGTACCA-1,Memory CD4 T
TGACGCCTTTACTC-1,Memory CD4 T
TGACTGGATTCTCA-1,Memory CD4 T
TGAGCTGACTGGAT-1,CD14+ Mono
TGAGGTACGAACCT-1,FCGR3A+ Mono
TGATAAACTCCGTC-1,NK
TGATACCTGTTGGT-1,Naive CD4 T
TGATTAGACATTGG-1,Memory CD4 T
TGATTAGATGCTAG-1,Naive CD4 T
TGATTCACTATGCG-1,Naive CD4 T
TGCAAGTGGGTAGG-1,CD14+ Mono
TGCGAAACGTTGCA-1,B
TGCGATGAACGGTT-1,Memory CD4 T
TGCGTAGAATAAGG-1,CD14+ Mono
TGGAAAGAGCGATT-1,Memory CD4 T
TGGAACACAAACAG-1,NK
TGGAACACGCTAAC-1,CD8 T
TGGACCCTCATGGT-1,CD8 T
TGGACTGAGTATGC-1,Memory CD4 T
TGGAGGGAGCTATG-1,Naive CD4 T
TGGCAATGCTTGTT-1,B
TGGCACCTTCAGTG-1,CD14+ Mono
TGGGTATGCACAAC-1,Memory CD4 T
TGGTAGACCCTCAC-1,NK
TGGTATCTAAACAG-1,Naive CD4 T
TGTAGTCTTGCACA-1,CD8 T
TGTATGCTGTAGGG-1,Naive CD4 T
TGTGAGTGAGTGCT-1,FCGR3A+ Mono
TGTTACACGACTAC-1,FCGR3A+ Mono
TGTTACTGGCTACA-1,CD8 T
TTACCATGAATCGC-1,CD14+ Mono
TTACCATGTGTCTT-1,CD8 T
TTACTCGACGCAAT-1,DC
TTAGGGACGCGAAG-1,CD8 T
TTATGAGAGATAAG-1,Naive CD4 T
TTATTCCTGGACAG-1,B
TTATTCCTGGTACT-1,B
TTCAAGCTGTTGAC-1,Memory CD4 T
TTCAGTTGCCAAGT-1,Memory CD4 T
TTCAGTTGTCCTTA-1,DC
TTCAGTTGTCTAGG-1,Naive CD4 T
TTCATTCTTCTCTA-1,Naive CD4 T
TTCCAAACCTCCCA-1,B
TTCCTAGACTAGTG-1,FCGR3A+ Mono
TTCGTATGGTCTGA-1,Naive CD4 T
TTCTAGTGACACGT-1,Memory CD4 T
TTCTAGTGGAGAGC-1,NK
TTCTTACTCTGGAT-1,FCGR3A+ Mono
TTGAGGACAGAACA-1,CD14+ Mono
TTGAGGACTACGCA-1,DC
TTGCTAACACCAAC-1,CD8 T
TTGCTAACCACTCC-1,Naive CD4 T
TTGGAGACCAATCG-1,Memory CD4 T
TTGGTACTGAATCC-1,B
TTGGTACTGGATTC-1,B
TTGTACACTTGCAG-1,Memory CD4 T
TTGTAGCTAGCTCA-1,Memory CD4 T
TTGTAGCTCTCTTA-1,B
TTTAGCTGTACTCT-1,DC
TTTATCCTGTTGTG-1,CD14+ Mono
TTTCAGTGTGCAGT-1,B
TTTGCATGCCTCAC-1,Naive CD4 T
AAACATACAACCAC-1,Memory CD4 T
AAACATTGAGCTAC-1,B
AAACATTGATCAGC-1,Memory CD4 T
AAACCGTGCTTCCG-1,CD14+ Mono
AAACCGTGTATGCG-1,NK
AAACGCACTGGTAC-1,Memory CD4 T
AAACGCTGACCAGT-1,CD8 T
AAACGCTGGTTCTT-1,CD8 T
AAACGCTGTAGCCA-1,Naive CD4 T
AAACGCTGTTTCTG-1,FCGR3A+ Mono
AAACTTGAAAAACG-1,B
AAAGAGACGCGAGA-1,CD14+ Mono
AAAGAGACGGACTT-1,Naive CD4 T
AAAGAGACGGCATT-1,Naive CD4 T
AAAGCAGATATCGG-1,CD14+ Mono
AAAGGCCTGTCTAG-1,B
AAAGTTTGATCACG-1,B
AAAGTTTGTAGAGA-1,Naive CD4 T
AAAGTTTGTAGCGT-1,CD14+ Mono
AAATCAACAATGCC-1,B
AAATCAACACCAGT-1,Naive CD4 T
AAATCAACGGAAGC-1,Naive CD4 T
AAATCAACTCGCAA-1,Memory CD4 T
AAATCATGACCACA-1,FCGR3A+ Mono
AAATCCCTCCACAA-1,Naive CD4 T
AAATCCCTGCTATG-1,B
AAATGTTGCCACAA-1,Memory CD4 T
AAATGTTGTGGCAT-1,CD14+ Mono
AAATTCGAAGGTTC-1,Naive CD4 T
AAATTCGAATCACG-1,CD14+ Mono
AAATTCGAGCTGAT-1,FCGR3A+ Mono
AAATTCGAGGAGTG-1,Naive CD4 T
AAATTCGATTCTCA-1,NK
AAATTGACACGACT-1,CD8 T
AAATTGACTCGCTC-1,Memory CD4 T
AACAAACTCATTTC-1,Naive CD4 T
AACAAACTTTCGTT-1,Naive CD4 T
AACACGTGCAGAGG-1,Memory CD4 T
AACACGTGGAAAGT-1,Naive CD4 T
AACACGTGGAACCT-1,CD14+ Mono
AACACGTGGCTACA-1,Naive CD4 T
AACATTGATGGGAG-1,FCGR3A+ Mono
AACCAGTGATACCG-1,FCGR3A+ Mono
AACCGATGGTCATG-1,B
AACCGATGTTCTAC-1,CD14+ Mono
AACCGCCTAGCGTT-1,Memory CD4 T
AACCTACTGTGAGG-1,CD14+ Mono
AACCTACTGTGTTG-1,Naive CD4 T
AACCTTACGAGACG-1,Naive CD4 T
AACCTTACGCGAGA-1,NK
AACCTTACTAACGC-1,FCGR3A+ Mono
AACCTTTGGACGGA-1,Naive CD4 T
AACGCAACAAGTAG-1,Memory CD4 T
AACGCATGACCCAA-1,Naive CD4 T
AACGCATGTACTTC-1,Naive CD4 T
AACGCCCTCGGGAA-1,Memory CD4 T
AACGCCCTCGTACA-1,NK
AACGCCCTGGCATT-1,Memory CD4 T
AACGTCGAGTATCG-1,NK
AACGTGTGAAAGCA-1,Memory CD4 T
AACGTGTGGCGGAA-1,B
AACGTGTGTCCAAG-1,Naive CD4 T
AACGTGTGTGCTTT-1,Memory CD4 T
AACTACCTTAGAGA-1,Naive CD4 T
AACTCACTCAAGCT-1,CD14+ Mono
AACTCACTTGGAGG-1,CD14+ Mono
AACTCGGAAAGTGA-1,CD8 T
AACTCGGAAGGTCT-1,CD14+ Mono
AACTCTTGCAGGAG-1,Memory CD4 T
AACTGTCTCCCTTG-1,CD14+ Mono
AACTTGCTACGCTA-1,B
AAGAACGAGTGTTG-1,Naive CD4 T
AAGAAGACGTAGGG-1,B
AAGACAGAAGTCTG-1,B
AAGACAGAGGATCT-1,Naive CD4 T
AAGACAGATTACCT-1,CD14+ Mono
AAGAGATGGGTAGG-1,B
AAGATGGAAAACAG-1,B
AAGATGGAGAACTC-1,CD14+ Mono
AAGATGGAGATAAG-1,CD14+ Mono
AAGATTACAGATCC-1,CD14+ Mono
AAGATTACCCGTTC-1,CD14+ Mono
AAGATTACCGCCTT-1,DC
AAGATTACCTCAAG-1,NK
AAGATTACTCCTCG-1,CD14+ Mono
AAGCAAGAGCGAGA-1,Memory CD4 T
AAGCAAGAGCTTAG-1,NK
AAGCAAGAGGTGTT-1,NK
AAGCACTGAGCAAA-1,B
AAGCACTGGTTCTT-1,B
AAGCCAACGTGTTG-1,Naive CD4 T
AAGCCATGAACTGC-1,DC
AAGCCATGCGTGAT-1,Naive CD4 T
AAGCCATGTCTCGC-1,Naive CD4 T
AAGCCTGACATGCA-1,Memory CD4 T
AAGCCTGACCGAAT-1,CD14+ Mono
AAGCGACTCCTCAC-1,FCGR3A+ Mono
AAGCGACTTACAGC-1,B
AAGCGACTTTGACG-1,FCGR3A+ Mono
AAGCGTACGTCTTT-1,Naive CD4 T
AAGGCTTGCGAACT-1,CD8 T
AAGGTCACGGTTAC-1,CD14+ Mono
AAGGTCACTGTTTC-1,B
AAGGTCACTTCCCG-1,CD8 T
AAGGTCTGACAGTC-1,Memory CD4 T
AAGGTCTGCAGATC-1,Naive CD4 T
AAGTAACTCTGAAC-1,CD14+ Mono
AAGTAACTGAGATA-1,B
AAGTAGGATACAGC-1,NK
AAGTATACCGAACT-1,Naive CD4 T
AAGTCCGACTTGTT-1,Naive CD4 T
AAGTCCGATAGAAG-1,Naive CD4 T
AAGTCTCTAGTCGT-1,Naive CD4 T
AAGTCTCTCGGAGA-1,CD8 T
AAGTGGCTTGGAGG-1,B
AAGTTCCTCATTCT-1,FCGR3A+ Mono
AAGTTCCTTCTTAC-1,Memory CD4 T
AATAAGCTCGTTGA-1,Naive CD4 T
AATACCCTGGACGA-1,B
AATACCCTGGCATT-1,Memory CD4 T
AATACTGAAAGGGC-1,CD8 T
AATACTGAATTGGC-1,NK
AATAGGGAGAATGA-1,CD8 T
AATCAAACTATCGG-1,CD8 T
AATCCTACCGGTAT-1,Naive CD4 T
AATCCTTGACGGGA-1,CD14+ Mono
AATCCTTGGTGAGG-1,NK
AATCGGTGGAACTC-1,CD8 T
AATCGGTGTGCTTT-1,Naive CD4 T
AATCTAGAAAAGTG-1,Memory CD4 T
AATCTAGAATCGGT-1,Naive CD4 T
AATCTCACAGCCTA-1,CD14+ Mono
AATCTCACTCTAGG-1,Naive CD4 T
AATCTCTGCTTTAC-1,NK
AATGATACACCAAC-1,CD8 T
AATGCGTGACACCA-1,B
AATGCGTGGACGGA-1,CD14+ Mono
AATGGAGAATCGTG-1,CD14+ Mono
AATGGAGATCCTTA-1,CD8 T
AATGGCTGACACCA-1,B
AATGGCTGTAAAGG-1,CD8 T
AATGGCTGTACTCT-1,CD8 T
AATGGCTGTGAAGA-1,Naive CD4 T
AATGTAACGGTGGA-1,Naive CD4 T
AATGTCCTCTTCTA-1,Memory CD4 T
AATGTTGACAGTCA-1,Memory CD4 T
AATGTTGAGTTGAC-1,CD14+ Mono
AATGTTGATCTACT-1,Memory CD4 T
AATTACGAATTCCT-1,DC
AATTACGACTTCTA-1,Naive CD4 T
AATTACGAGTGAGG-1,Memory CD4 T
AATTCCTGCTCAGA-1,B
AATTGATGTCGCAA-1,FCGR3A+ Mono
AATTGTGACTTGGA-1,B
ACAAAGGAGGGTGA-1,Naive CD4 T
ACAAATTGCTCAGA-1,CD14+ Mono
ACAACCGAGGGATG-1,NK
ACAACCGAGTTACG-1,Memory CD4 T
ACAAGAGAAGTCGT-1,CD14+ Mono
ACAAGAGACTTATC-1,Naive CD4 T
ACAATCCTAACCGT-1,Memory CD4 T
ACAATCCTTAGCGT-1,B
ACAATTGACTGACA-1,CD8 T
ACAATTGATGACTG-1,NK
ACACAGACCATACG-1,CD8 T
ACACCCTGGTGTTG-1,NK
ACACGAACAGTTCG-1,Memory CD4 T
ACACGATGACGCAT-1,CD8 T
ACACGATGATGTGC-1,CD14+ Mono
ACACGATGTCGTAG-1,CD8 T
ACACGATGTGGTCA-1,CD8 T
ACAGACACGGCATT-1,Memory CD4 T
ACAGACACGTTGTG-1,Memory CD4 T
ACAGCAACACCTAG-1,CD14+ Mono
ACAGGTACCCCACT-1,Naive CD4 T
ACAGGTACTGGTGT-1,NK
ACAGTCGACCCAAA-1,Naive CD4 T
ACAGTGACTCACCC-1,CD8 T
ACAGTGACTCTATC-1,CD8 T
ACAGTGTGGTCACA-1,Naive CD4 T
ACAGTGTGTTGCGA-1,CD14+ Mono
ACATCACTCTACTT-1,CD14+ Mono
ACATGGTGAAGCCT-1,Naive CD4 T
ACATGGTGCAACCA-1,B
ACATTCTGGCATAC-1,Naive CD4 T
ACATTCTGGGAACG-1,CD14+ Mono
ACCAACGACATGCA-1,Naive CD4 T
ACCACAGAGTTGGT-1,Naive CD4 T
ACCACCTGTGTGCA-1,Naive CD4 T
ACCACGCTACAGCT-1,Naive CD4 T
ACCACGCTACCCAA-1,CD8 T
ACCACGCTGCGAGA-1,Naive CD4 T
ACCACGCTGCTGTA-1,Naive CD4 T
ACCAGTGAACGGTT-1,B
ACCAGTGAATACCG-1,FCGR3A+ Mono
ACCAGTGAGGGATG-1,Naive CD4 T
ACCATTACGAGATA-1,Memory CD4 T
ACCATTTGTCATTC-1,Naive CD4 T
ACCCAAGAACTGTG-1,CD8 T
ACCCAAGAATTCCT-1,FCGR3A+ Mono
ACCCAAGAGGACAG-1,Memory CD4 T
ACCCAAGATTCACT-1,B
ACCCACTGCGCCTT-1,CD14+ Mono
ACCCACTGGACAGG-1,Naive CD4 T
ACCCACTGGTTCAG-1,Platelet
ACCCAGCTGTTAGC-1,CD14+ Mono
ACCCAGCTTGCTTT-1,Naive CD4 T
ACCCGTTGCTGCAA-1,Naive CD4 T
ACCCTCGACCTATT-1,Memory CD4 T
ACCCTCGATAAGGA-1,CD14+ Mono
ACCGTGCTGGAACG-1,B
ACCTATTGTGCCCT-1,FCGR3A+ Mono
ACCTCCGAGTCCTC-1,Memory CD4 T
ACCTCCGATATGCG-1,Naive CD4 T
ACCTCCGATGCTGA-1,Naive CD4 T
ACCTCGTGAACCAC-1,CD8 T
ACCTGGCTAAGTAG-1,NK
ACCTTTGAGGAACG-1,CD14+ Mono
ACCTTTGAGGAAGC-1,CD14+ Mono
ACGAACACCTTGTT-1,NK
ACGAACTGGCTATG-1,Platelet
ACGAAGCTCTCCAC-1,Naive CD4 T
ACGAAGCTCTGAGT-1,B
ACGACCCTGATGAA-1,Naive CD4 T
ACGAGGGACAGGAG-1,DC
ACGAGGGACGAACT-1,Naive CD4 T
ACGAGGGATGTAGC-1,Memory CD4 T
ACGAGTACCCTAAG-1,B
ACGATCGAGGACTT-1,NK
ACGATCGAGTCACA-1,CD14+ Mono
ACGATGACAATGCC-1,Memory CD4 T
ACGATGACTGGTCA-1,Memory CD4 T
ACGATTCTACGGGA-1,Naive CD4 T
ACGCAATGGTTCAG-1,NK
ACGCACCTGTTAGC-1,B
ACGCCGGAAAGCCT-1,Naive CD4 T
ACGCCGGAAATGCC-1,Memory CD4 T
ACGCCTTGCTCCCA-1,FCGR3A+ Mono
ACGCGGTGGCGAGA-1,Memory CD4 T
ACGCGGTGTGTGGT-1,B
ACGCGGTGTTTGCT-1,CD8 T
ACGCTCACAGTACC-1,Naive CD4 T
ACGCTCACCCTTGC-1,Naive CD4 T
ACGGAACTCAGATC-1,NK
ACGGAACTGTCGTA-1,FCGR3A+ Mono
ACGGAGGACTCTTA-1,CD14+ Mono
ACGGATTGGGAGGT-1,B
ACGGATTGGTTAGC-1,Memory CD4 T
ACGGCTCTGAGCAG-1,Memory CD4 T
ACGGCTCTTGCACA-1,Naive CD4 T
ACGGTAACCGCTAA-1,CD8 T
ACGGTAACCTTCGC-1,CD8 T
ACGGTAACTCGCAA-1,CD8 T
ACGGTATGGGTATC-1,B
ACGGTATGGTTGTG-1,B
ACGGTCCTCGGGAA-1,Naive CD4 T
ACGTAGACAACCAC-1,Memory CD4 T
ACGTAGACTACAGC-1,B
ACGTCAGAAACGAA-1,Memory CD4 T
ACGTCAGAGAGCTT-1,CD14+ Mono
ACGTCAGAGGGATG-1,Naive CD4 T
ACGTCCTGTGAACC-1,CD14+ Mono
ACGTCGCTCCTGAA-1,CD8 T
ACGTCGCTCTATTC-1,CD14+ Mono
ACGTGATGCCATGA-1,DC
ACGTGATGTAACCG-1,FCGR3A+ Mono
ACGTGATGTGACAC-1,NK
ACGTGCCTTCTATC-1,CD8 T
ACGTTGGAAAAGCA-1,Naive CD4 T
ACGTTGGAAACCTG-1,CD8 T
ACGTTGGACCGTAA-1,CD14+ Mono
ACGTTGGAGCCAAT-1,NK
ACGTTGGATATGGC-1,B
ACGTTGGATCAGGT-1,CD14+ Mono
ACGTTTACATCAGC-1,Naive CD4 T
ACTAAAACCCACAA-1,Naive CD4 T
ACTAAAACTCGACA-1,CD14+ Mono
ACTACGGAATTTCC-1,Memory CD4 T
ACTACGGACCTATT-1,Naive CD4 T
ACTACTACTAAGGA-1,Naive CD4 T
ACTAGGTGGAACCT-1,CD8 T
ACTAGGTGGAACTC-1,Memory CD4 T
ACTATCACCTTGGA-1,CD8 T
ACTCAGGACTGAAC-1,Naive CD4 T
ACTCAGGATCTATC-1,B
ACTCAGGATTCGTT-1,CD14+ Mono
ACTCCTCTCAACTG-1,Memory CD4 T
ACTCGCACGAAAGT-1,CD14+ Mono
ACTCGCACTACGAC-1,CD14+ Mono
ACTCTCCTGACACT-1,Naive CD4 T
ACTCTCCTGCATAC-1,Naive CD4 T
ACTGAGACCCATAG-1,FCGR3A+ Mono
ACTGAGACGTTGGT-1,B
ACTGCCACACACGT-1,CD8 T
ACTGCCACTCCGTC-1,NK
ACTGGCCTTCAGTG-1,NK
ACTGTGGACGTGTA-1,CD8 T
ACTGTGGATCTAGG-1,B
ACTGTTACCCACAA-1,CD14+ Mono
ACTGTTACTGCAGT-1,Naive CD4 T
ACTTAAGATTACTC-1,DC
ACTTAGCTGGGAGT-1,Memory CD4 T
ACTTCAACAAGCAA-1,Memory CD4 T
ACTTCAACGTAGGG-1,NK
ACTTCCCTTTCCGC-1,Naive CD4 T
ACTTCTGACATGCA-1,B
ACTTGGGAGGTTTG-1,Memory CD4 T
ACTTGGGATGTGAC-1,FCGR3A+ Mono
ACTTGTACCTGTCC-1,Naive CD4 T
ACTTTGTGGAAAGT-1,Naive CD4 T
ACTTTGTGGATAGA-1,CD14+ Mono
AGAAACGAAAGTAG-1,B
AGAAAGTGCGCAAT-1,Naive CD4 T
AGAAAGTGGGGATG-1,CD14+ Mono
AGAACAGAGACAAA-1,Memory CD4 T
AGAACGCTTTGCTT-1,Naive CD4 T
AGAAGATGTGACTG-1,Memory CD4 T
AGAATTTGTAGAGA-1,Naive CD4 T
AGACACACTGTAGC-1,Naive CD4 T
AGACACTGTCAAGC-1,CD14+ Mono
AGACCTGAGGAAGC-1,CD8 T
AGACGTACAGAGGC-1,Memory CD4 T
AGACGTACCCCTAC-1,B
AGACGTACCTCTTA-1,CD14+ Mono
AGACTGACCATCAG-1,CD8 T
AGACTGACCCTTTA-1,Naive CD4 T
AGAGATGACAGTCA-1,B
AGAGATGACTGAAC-1,Naive CD4 T
AGAGATGATTGTGG-1,Naive CD4 T
AGAGCGGAGGCAAG-1,CD14+ Mono
AGAGTCTGGTCGTA-1,FCGR3A+ Mono
AGAGTGCTCAGCTA-1,Naive CD4 T
AGAGTGCTCGAATC-1,Naive CD4 T
AGAGTGCTGTCCTC-1,CD8 T
AGAGTGCTGTGTTG-1,B
AGATATACCCGTAA-1,NK
AGATATACTGTTCT-1,B
AGATATTGCCTACC-1,CD8 T
AGATATTGGCCAAT-1,CD14+ Mono
AGATCGTGTCTGGA-1,CD14+ Mono
AGATCGTGTTTGTC-1,B
AGATCTCTATCACG-1,B
AGATTCCTATCGTG-1,Naive CD4 T
AGATTCCTCACTTT-1,CD14+ Mono
AGATTCCTGACGAG-1,CD14+ Mono
AGATTCCTGTTCAG-1,NK
AGCAAAGATATGCG-1,Naive CD4 T
AGCACAACAGTCTG-1,Naive CD4 T
AGCACTGAGGGAGT-1,Memory CD4 T
AGCACTGATATGCG-1,Memory CD4 T
AGCACTGATGCTTT-1,DC
AGCACTGATTGCGA-1,Naive CD4 T
AGCATCGAAGATCC-1,Memory CD4 T
AGCATCGAAGGGTG-1,B
AGCATCGAGCTTCC-1,CD14+ Mono
AGCATCGATAACCG-1,CD14+ Mono
AGCATGACGATGAA-1,CD8 T
AGCCAATGGGGAGT-1,FCGR3A+ Mono
AGCCAATGTATCTC-1,Naive CD4 T
AGCCACCTGGATCT-1,CD8 T
AGCCGGTGCCAATG-1,Memory CD4 T
AGCCGGTGTGTTTC-1,Naive CD4 T
AGCCGTCTCAATCG-1,Naive CD4 T
AGCCTCACTGTCAG-1,FCGR3A+ Mono
AGCCTCTGCAGTTG-1,B
AGCCTCTGCCAATG-1,NK
AGCGAACTGGATCT-1,Naive CD4 T
AGCGAACTTACTGG-1,Memory CD4 T
AGCGATACGGAGCA-1,Naive CD4 T
AGCGCCGAATCTCT-1,Naive CD4 T
AGCGCCGACAGAGG-1,Memory CD4 T
AGCGCTCTACCTTT-1,Naive CD4 T
AGCGGCACCGGGAA-1,Naive CD4 T
AGCGGCTGATGTGC-1,Naive CD4 T
AGCGGGCTTGCCAA-1,Naive CD4 T
AGCGTAACATGCTG-1,Memory CD4 T
AGCGTAACTGAGAA-1,CD14+ Mono
AGCTCGCTACTGGT-1,Naive CD4 T
AGCTCGCTCTGCTC-1,Naive CD4 T
AGCTGAACCATACG-1,FCGR3A+ Mono
AGCTGAACCTCTCG-1,Naive CD4 T
AGCTGCCTTGGGAG-1,CD14+ Mono
AGCTGCCTTTCATC-1,Memory CD4 T
AGCTGTGATCCAAG-1,Naive CD4 T
AGCTTTACACCAAC-1,CD8 T
AGGAACCTTGCCTC-1,CD8 T
AGGAATGATAACGC-1,Memory CD4 T
AGGAATGATTTGTC-1,Memory CD4 T
AGGAGTCTGGTTTG-1,Naive CD4 T
AGGATAGACATTTC-1,Memory CD4 T
AGGATAGAGGATTC-1,CD8 T
AGGATGCTACTAGC-1,B
AGGATGCTTTAGGC-1,NK
AGGCCTCTAGTCGT-1,Naive CD4 T
AGGCCTCTCGGAGA-1,Memory CD4 T
AGGCCTCTCGTAAC-1,Naive CD4 T
AGGGACGACGTTGA-1,Naive CD4 T
AGGGACGAGTCAAC-1,NK
AGGGACGATAGAGA-1,CD8 T
AGGGACGATGCATG-1,CD8 T
AGGGCCACCATACG-1,Naive CD4 T
AGGGTGGACAGTCA-1,B
AGGGTGGACTCAAG-1,CD14+ Mono
AGGGTGGAGTTGCA-1,CD8 T
AGGTCATGAGTGTC-1,B
AGGTCATGCTTATC-1,CD8 T
AGGTCTGATTCTCA-1,FCGR3A+ Mono
AGGTGGGAAGAATG-1,Memory CD4 T
AGGTGGGAAGTTCG-1,Naive CD4 T
AGGTGTTGGTTACG-1,B
AGGTTCGAACCTCC-1,CD14+ Mono
AGGTTCGAGGGTGA-1,Naive CD4 T
AGTAAGGAGTTTGG-1,Memory CD4 T
AGTAAGGATTCTTG-1,Memory CD4 T
AGTAATACCGAACT-1,B
AGTACGTGCTGCAA-1,Naive CD4 T
AGTACGTGCTTGGA-1,Memory CD4 T
AGTACTCTACGTGT-1,B
AGTACTCTCAACCA-1,CD8 T
AGTAGGCTTGCCTC-1,FCGR3A+ Mono
AGTATAACTTGTCT-1,FCGR3A+ Mono
AGTCACGATGAGCT-1,NK
AGTCAGACGCTTAG-1,Naive CD4 T
AGTCAGACTAGAGA-1,CD8 T
AGTCAGACTGCACA-1,Memory CD4 T
AGTCCAGATATCTC-1,Naive CD4 T
AGTCCAGATTTCAC-1,Memory CD4 T
AGTCGCCTCCGTAA-1,Memory CD4 T
AGTCTACTAGGGTG-1,CD14+ Mono
AGTCTTACACCACA-1,Naive CD4 T
AGTCTTACTTCGGA-1,Platelet
AGTGACTGCAACTG-1,FCGR3A+ Mono
AGTGTTCTAACCTG-1,Memory CD4 T
AGTGTTCTATAAGG-1,Naive CD4 T
AGTGTTCTCACTTT-1,CD14+ Mono
AGTTAAACCACTTT-1,Memory CD4 T
AGTTATGAACAGTC-1,CD14+ Mono
AGTTATGACTGAGT-1,Memory CD4 T
AGTTATGAGTTCAG-1,Memory CD4 T
AGTTCTACCAGCTA-1,CD14+ Mono
AGTTCTTGAAGCCT-1,CD8 T
AGTTTAGATGGTCA-1,Naive CD4 T
AGTTTCACGGTCTA-1,CD8 T
AGTTTGCTACAGTC-1,Naive CD4 T
AGTTTGCTACTGGT-1,NK
AGTTTGCTCCAAGT-1,Naive CD4 T
ATAAACACAGTGCT-1,B
ATAAACACCACCAA-1,Naive CD4 T
ATAACAACATGCTG-1,CD14+ Mono
ATAACAACGTCTAG-1,Naive CD4 T
ATAACAACTTTGTC-1,Naive CD4 T
ATAACATGTACTCT-1,Memory CD4 T
ATAACCCTGTTGGT-1,Naive CD4 T
ATAAGTACGAATGA-1,B
ATAAGTTGGTACGT-1,FCGR3A+ Mono
ATAAGTTGTCTAGG-1,Memory CD4 T
ATAATCGAGCTGAT-1,B
ATAATCGATGGTTG-1,Naive CD4 T
ATAATGACCTACTT-1,Memory CD4 T
ATAATGACTCGTGA-1,CD14+ Mono
ATACCACTCGTACA-1,CD14+ Mono
ATACCGGAATGCTG-1,DC
ATACCGGACTTCGC-1,Memory CD4 T
ATACCGGAGGTGTT-1,CD14+ Mono
ATACCGGATCTCGC-1,Naive CD4 T
ATACCTACGCATCA-1,Memory CD4 T
ATACCTTGGGGCAA-1,Naive CD4 T
ATACGGACAGACTC-1,CD14+ Mono
ATACGGACCTACTT-1,CD14+ Mono
ATACGGACGAGGTG-1,B
ATACGGACTATGCG-1,B
ATACGGACTCTGGA-1,CD14+ Mono
ATACGTCTTAACGC-1,CD14+ Mono
ATACTCTGGTATGC-1,NK
ATAGATACGACGAG-1,Naive CD4 T
ATAGCCGAACGGAG-1,Naive CD4 T
ATAGCGTGCAGATC-1,Memory CD4 T
ATAGCGTGCCCTTG-1,CD14+ Mono
ATAGCGTGGTATCG-1,CD14+ Mono
ATAGCGTGTCTCTA-1,Memory CD4 T
ATAGCTCTGAGGTG-1,Naive CD4 T
ATAGGAGAAACAGA-1,CD14+ Mono
ATAGGCTGTCAGAC-1,Naive CD4 T
ATAGTCCTTGCATG-1,CD8 T
ATAGTTGACAACTG-1,Naive CD4 T
ATAGTTGACCCTCA-1,FCGR3A+ Mono
ATAGTTGAGACGTT-1,Naive CD4 T
ATATACGAAGCCAT-1,Naive CD4 T
ATATACGAATTGGC-1,Memory CD4 T
ATATAGTGGAATGA-1,CD14+ Mono
ATATGCCTGGACAG-1,Memory CD4 T
ATATGCCTTCTCTA-1,Memory CD4 T
ATCAAATGAGCCTA-1,CD14+ Mono
ATCAAATGGGTAAA-1,FCGR3A+ Mono
ATCAACCTAAACGA-1,Memory CD4 T
ATCAACCTGAGGAC-1,Naive CD4 T
ATCAACCTTCTCTA-1,CD8 T
ATCAACCTTTGTCT-1,CD8 T
ATCACACTTTGTCT-1,Memory CD4 T
ATCATCTGACACCA-1,Platelet
ATCATGCTAGAGTA-1,CD8 T
ATCATGCTGAACCT-1,B
ATCCAGGACGCTAA-1,FCGR3A+ Mono
ATCCAGGATGGAAA-1,Memory CD4 T
ATCCATACTCCTTA-1,CD14+ Mono
ATCCATACTTCATC-1,FCGR3A+ Mono
ATCCCGTGGCTGAT-1,B
ATCCGCACGCATCA-1,B
ATCCTAACGCTACA-1,CD8 T
ATCGACGAAACTGC-1,CD14+ Mono
ATCGAGTGGACGTT-1,CD8 T
ATCGCAGAATCTCT-1,FCGR3A+ Mono
ATCGCAGAGTGTCA-1,B
ATCGCCACTGAGGG-1,CD8 T
ATCGCCTGGGTCAT-1,Naive CD4 T
ATCGCCTGTGGCAT-1,B
ATCGCGCTCAGAGG-1,CD14+ Mono
ATCGCGCTGGGATG-1,Memory CD4 T
ATCGCGCTTTTCGT-1,B
ATCGGTGAGTCAAC-1,Naive CD4 T
ATCGGTGATTGCAG-1,Naive CD4 T
ATCGTTTGCCTACC-1,CD14+ Mono
ATCGTTTGGGTACT-1,CD14+ Mono
ATCGTTTGTGCCAA-1,CD14+ Mono
ATCTACACCCGCTT-1,CD14+ Mono
ATCTACACCGGGAA-1,Naive CD4 T
ATCTCAACAGGAGC-1,B
ATCTCAACCTCGAA-1,Naive CD4 T
ATCTGGGAAACCAC-1,CD14+ Mono
ATCTGGGATTCCGC-1,CD8 T
ATCTGTTGCCTTCG-1,FCGR3A+ Mono
ATCTGTTGGTTGCA-1,Memory CD4 T
ATCTTGACACCAAC-1,Memory CD4 T
ATCTTGACCTCCCA-1,CD14+ Mono
ATCTTTCTGCATCA-1,Naive CD4 T
ATCTTTCTGTTTCT-1,CD8 T
ATCTTTCTTGTCCC-1,NK
ATGAAACTCTGTGA-1,Memory CD4 T
ATGAAACTGAGGCA-1,Naive CD4 T
ATGAAGGAACAGCT-1,CD8 T
ATGAAGGACCTGTC-1,B
ATGAAGGACCTTAT-1,B
ATGAAGGACTAGTG-1,B
ATGAAGGACTTGCC-1,NK
ATGACGTGATCGGT-1,FCGR3A+ Mono
ATGAGAGAAAGTGA-1,Memory CD4 T
ATGAGCACACAGCT-1,Naive CD4 T
ATGAGCACATCTTC-1,Naive CD4 T
ATGATAACTTCACT-1,NK
ATGATATGAAACAG-1,Memory CD4 T
ATGATATGACTGGT-1,Naive CD4 T
ATGATATGGTCATG-1,Naive CD4 T
ATGATATGGTGCTA-1,NK
ATGATATGTTGTCT-1,CD14+ Mono
ATGCACGAGAACCT-1,B
ATGCACGAGTTCGA-1,Naive CD4 T
ATGCACGATTGGTG-1,CD14+ Mono
ATGCAGTGTTACCT-1,B
ATGCAGTGTTCTAC-1,Memory CD4 T
ATGCCAGAACGACT-1,Naive CD4 T
ATGCCAGACAGTCA-1,CD14+ Mono
ATGCCGCTTGAACC-1,CD14+ Mono
ATGCGATGCTATGG-1,CD14+ Mono
ATGCGATGCTGAGT-1,Naive CD4 T
ATGCGATGGTTACG-1,B
ATGCTTTGCGAATC-1,Memory CD4 T
ATGCTTTGGGCGAA-1,CD8 T
ATGCTTTGTAGTCG-1,B
ATGGACACATCGGT-1,Memory CD4 T
ATGGACACGCATCA-1,NK
ATGGGTACAACCTG-1,B
ATGGGTACATCGGT-1,NK
ATGGGTACTATTCC-1,Memory CD4 T
ATGGGTACTGGGAG-1,Memory CD4 T
ATGTAAACACCTCC-1,Naive CD4 T
ATGTAAACCCGCTT-1,Memory CD4 T
ATGTAAACGGGATG-1,DC
ATGTAAACTCTCCG-1,Memory CD4 T
ATGTAAACTTCACT-1,CD14+ Mono
ATGTACCTCAGTCA-1,Naive CD4 T
ATGTACCTTAGTCG-1,Memory CD4 T
ATGTACCTTTATCC-1,CD14+ Mono
ATGTACCTTTCACT-1,CD8 T
ATGTCACTAATGCC-1,CD14+ Mono
ATGTCACTCTGCTC-1,Naive CD4 T
ATGTCGGAGGTGAG-1,Memory CD4 T
ATGTTCACCGTAGT-1,Memory CD4 T
ATGTTGCTTTCAGG-1,Memory CD4 T
ATTAACGATGAGAA-1,NK
ATTAACGATGCAAC-1,CD8 T
ATTAAGACTGCAGT-1,Memory CD4 T
ATTACCTGCCTTAT-1,CD14+ Mono
ATTACCTGGAGGAC-1,FCGR3A+ Mono
ATTAGATGTTTCAC-1,Naive CD4 T
ATTATGGAATCTCT-1,Memory CD4 T
ATTCAAGAACGGGA-1,Naive CD4 T
ATTCAGCTCATTGG-1,Platelet
ATTCCAACCATTGG-1,CD14+ Mono
ATTCCAACTTAGGC-1,NK
ATTCGACTCACTAG-1,CD8 T
ATTCGACTGAATAG-1,CD14+ Mono
ATTCGACTTTTGTC-1,FCGR3A+ Mono
ATTCGGGAAAGGCG-1,CD14+ Mono
ATTCGGGATTAGGC-1,Memory CD4 T
ATTCTTCTGATACC-1,CD8 T
ATTGAATGGACGGA-1,Naive CD4 T
ATTGATGAGCGAAG-1,Memory CD4 T
ATTGATGATCTATC-1,Naive CD4 T
ATTGCACTGAGAGC-1,FCGR3A+ Mono
ATTGCACTGGAGCA-1,CD14+ Mono
ATTGCACTTAGCCA-1,Memory CD4 T
ATTGCACTTGCTTT-1,FCGR3A+ Mono
ATTGCTTGTTACTC-1,B
ATTGGTCTGACTAC-1,B
ATTGGTCTTGTCTT-1,B
ATTGTAGATTCCCG-1,DC
ATTGTAGATTGCAG-1,Naive CD4 T
ATTTAGGAACCATG-1,FCGR3A+ Mono
ATTTAGGACAGAGG-1,Memory CD4 T
ATTTCCGAGTGCTA-1,Memory CD4 T
ATTTCGTGTATGGC-1,CD8 T
ATTTCTCTACTTTC-1,FCGR3A+ Mono
ATTTCTCTCACTTT-1,FCGR3A+ Mono
ATTTGCACAAGATG-1,CD14+ Mono
CAAAGCACAGCTCA-1,Naive CD4 T
CAAAGCACCGTAAC-1,B
CAAAGCTGAAAGTG-1,Naive CD4 T
CAAAGCTGTTGCTT-1,CD14+ Mono
CAAATATGTGACAC-1,Naive CD4 T
CAAATTGATGGAGG-1,CD14+ Mono
CAACCAGAAAAGTG-1,Naive CD4 T
CAACCAGAAGTGCT-1,Memory CD4 T
CAACCAGATAGAAG-1,CD14+ Mono
CAACCGCTGTTCAG-1,Naive CD4 T
CAACCGCTTTGAGC-1,Memory CD4 T
CAACGATGCGCAAT-1,CD14+ Mono
CAACGTGAGCCATA-1,CD8 T
CAACGTGATCAAGC-1,CD14+ Mono
CAAGAAGACCACAA-1,CD8 T
CAAGAAGACGTCTC-1,CD14+ Mono
CAAGAAGATTCTAC-1,Naive CD4 T
CAAGACTGACCTGA-1,B
CAAGACTGAGTAGA-1,B
CAAGCTGACCATAG-1,FCGR3A+ Mono
CAAGCTGATCTATC-1,CD8 T
CAAGGACTGTTCAG-1,Naive CD4 T
CAAGGTTGCTCCAC-1,Memory CD4 T
CAAGGTTGTCATTC-1,B
CAAGGTTGTCTGGA-1,NK
CAAGTCGATAGCGT-1,CD14+ Mono
CAATAAACGCCATA-1,CD14+ Mono
CAATAATGAACTGC-1,CD14+ Mono
CAATATGACATGGT-1,Memory CD4 T
CAATATGACCTTCG-1,CD8 T
CAATATGAGGAGCA-1,Memory CD4 T
CAATCGGAGAAACA-1,Naive CD4 T
CAATTCACCCAACA-1,CD8 T
CAATTCACGATAGA-1,Naive CD4 T
CAATTCACTTGTGG-1,Naive CD4 T
CAATTCTGCTTGTT-1,CD14+ Mono
CAATTCTGGCGTAT-1,FCGR3A+ Mono
CACAACGATACGAC-1,Naive CD4 T
CACAATCTTTCCAT-1,Memory CD4 T
CACACCTGCTTGAG-1,Naive CD4 T
CACAGAACCCTTGC-1,B
CACAGAACCTGATG-1,Memory CD4 T
CACAGATGGGATTC-1,Memory CD4 T
CACAGATGGTTTCT-1,CD14+ Mono
CACAGCCTTGCCAA-1,FCGR3A+ Mono
CACAGCCTTGTAGC-1,Naive CD4 T
CACAGTGATGAAGA-1,CD14+ Mono
CACATACTACAGCT-1,CD8 T
CACATGGAACACGT-1,Naive CD4 T
CACCACTGCCAACA-1,Naive CD4 T
CACCACTGGCGAAG-1,NK
CACCCATGTTCTGT-1,Naive CD4 T
CACCGGGAATCGAC-1,Memory CD4 T
CACCGGGACGAGAG-1,CD8 T
CACCGGGACGTGTA-1,Naive CD4 T
CACCGGGACTTGCC-1,CD8 T
CACCGGGATTCGGA-1,CD8 T
CACCGTACTAAGGA-1,B
CACCGTACTAGCGT-1,Naive CD4 T
CACCTGACACCCAA-1,CD8 T
CACCTGACCAGAAA-1,Memory CD4 T
CACCTGACCTCAAG-1,CD8 T
CACCTGACGAAAGT-1,B
CACCTGACTCGTAG-1,Naive CD4 T
CACGAAACTTCCGC-1,B
CACGACCTCGATAC-1,B
CACGCTACAGAAGT-1,Naive CD4 T
CACGCTACTGTTCT-1,B
CACGGGACAGAGTA-1,Naive CD4 T
CACGGGACATAAGG-1,Naive CD4 T
CACGGGACGTAGGG-1,Memory CD4 T
CACGGGTGCTTCGC-1,CD8 T
CACGGGTGGAGGAC-1,NK
CACGGGTGTGTTTC-1,Naive CD4 T
CACTAACTCCTAAG-1,B
CACTAACTGAAAGT-1,Naive CD4 T
CACTAGGATGATGC-1,B
CACTATACCCCGTT-1,B
CACTATACGTTTGG-1,CD8 T
CACTGAGACAGTCA-1,CD14+ Mono
CACTGCACTTCATC-1,Memory CD4 T
CACTGCTGAGACTC-1,FCGR3A+ Mono
CACTGCTGGAAAGT-1,Memory CD4 T
CACTTAACCGAATC-1,Memory CD4 T
CACTTAACCGTACA-1,B
CACTTTGACTCTAT-1,CD8 T
CACTTTGAGCTGTA-1,Naive CD4 T
CAGAAGCTCTCAAG-1,Naive CD4 T
CAGACATGTCGACA-1,Memory CD4 T
CAGACCCTAAGGTA-1,FCGR3A+ Mono
CAGACTGAGTATGC-1,Naive CD4 T
CAGATCGAATGTCG-1,B
CAGATCGACCTGAA-1,CD8 T
CAGATCGATATGGC-1,Memory CD4 T
CAGCAATGGAGGGT-1,NK
CAGCAATGGTGCTA-1,Naive CD4 T
CAGCAATGTCTACT-1,CD14+ Mono
CAGCAATGTGACCA-1,Memory CD4 T
CAGCAATGTGAGGG-1,CD14+ Mono
CAGCACCTAAGCCT-1,Naive CD4 T
CAGCATGACAACCA-1,CD14+ Mono
CAGCATGAGACGTT-1,CD8 T
CAGCCTACCCAACA-1,Memory CD4 T
CAGCCTTGCTACCC-1,CD14+ Mono
CAGCCTTGGGGACA-1,Memory CD4 T
CAGCGGACACCCTC-1,Naive CD4 T
CAGCTAGATGTGAC-1,CD14+ Mono
CAGCTCTGAGGCGA-1,Memory CD4 T
CAGCTCTGCAAGCT-1,CD8 T
CAGCTCTGTCGTAG-1,CD14+ Mono
CAGCTCTGTGTGGT-1,NK
CAGGAACTCTCAGA-1,CD14+ Mono
CAGGCCGAACACCA-1,Naive CD4 T
CAGGCCGAACACGT-1,Memory CD4 T
CAGGCCGAACGACT-1,Naive CD4 T
CAGGCCGAATCTCT-1,FCGR3A+ Mono
CAGGGCACCATACG-1,B
CAGGGCACCCAACA-1,Naive CD4 T
CAGGTAACAGACTC-1,CD14+ Mono
CAGGTATGAGTCGT-1,Naive CD4 T
CAGGTATGTGCTTT-1,Memory CD4 T
CAGGTTGAGGATCT-1,B
CAGTGATGGACGGA-1,B
CAGTGATGGCTAAC-1,CD8 T
CAGTGATGGGACAG-1,Memory CD4 T
CAGTGATGTAAGGA-1,B
CAGTGATGTACGCA-1,B
CAGTGTGATGTCAG-1,Naive CD4 T
CAGTTACTGATAGA-1,Memory CD4 T
CAGTTGGACATACG-1,Memory CD4 T
CAGTTTACACACGT-1,NK
CAGTTTACCCCAAA-1,Naive CD4 T
CATAAATGAACTGC-1,Naive CD4 T
CATAACCTTCTCCG-1,Memory CD4 T
CATACTACCTCGAA-1,Naive CD4 T
CATACTACCTGAAC-1,Naive CD4 T
CATACTACGTACCA-1,CD14+ Mono
CATACTTGGGTTAC-1,FCGR3A+ Mono
CATAGTCTAATCGC-1,Naive CD4 T
CATAGTCTCACTTT-1,Naive CD4 T
CATATAGACTAAGC-1,DC
CATCAACTAGAAGT-1,Memory CD4 T
CATCAACTCCCTCA-1,Naive CD4 T
CATCAGGATCCTAT-1,FCGR3A+ Mono
CATCAGGATGCACA-1,CD14+ Mono
CATCAGGATTTCGT-1,CD14+ Mono
CATCATACGGAGCA-1,B
CATCATACTCAAGC-1,Naive CD4 T
CATCGCTGGGATCT-1,Memory CD4 T
CATCGCTGTGGCAT-1,B
CATCGGCTTTGGCA-1,Memory CD4 T
CATCTCCTATGTGC-1,B
CATCTCCTCGAACT-1,CD14+ Mono
CATGAGACACGGGA-1,B
CATGAGACGTTGAC-1,NK
CATGAGACTCGCCT-1,Naive CD4 T
CATGCCACGGGTGA-1,Naive CD4 T
CATGCCACTGCCAA-1,Memory CD4 T
CATGCGCTAGTCAC-1,FCGR3A+ Mono
CATGGCCTGTGCAT-1,Naive CD4 T
CATGTTACCTGAGT-1,Memory CD4 T
CATGTTTGGGGATG-1,CD14+ Mono
CATTACACACGGAG-1,B
CATTACACGGAGTG-1,Naive CD4 T
CATTACACTACTCT-1,Naive CD4 T
CATTAGCTCCACAA-1,CD14+ Mono
CATTGACTAGCGGA-1,CD14+ Mono
CATTGTACAGCGTT-1,Naive CD4 T
CATTGTACTTATCC-1,Naive CD4 T
CATTGTACTTTGCT-1,FCGR3A+ Mono
CATTGTTGCTAGTG-1,Naive CD4 T
CATTTCGACTCTAT-1,CD8 T
CATTTCGAGATACC-1,NK
CATTTGACCACACA-1,CD8 T
CATTTGACCCTGAA-1,CD8 T
CATTTGTGACGACT-1,B
CATTTGTGCATTGG-1,Naive CD4 T
CATTTGTGCGGAGA-1,Naive CD4 T
CATTTGTGGGATCT-1,B
CCAAAGTGCTACGA-1,CD14+ Mono
CCAACCTGACGTAC-1,CD14+ Mono
CCAACCTGTTCGCC-1,CD14+ Mono
CCAAGAACCCAATG-1,Memory CD4 T
CCAAGAACGTAGCT-1,Naive CD4 T
CCAAGAACGTGTCA-1,Naive CD4 T
CCAAGAACTACTGG-1,CD8 T
CCAAGAACTCCTAT-1,B
CCAAGATGTCATTC-1,Naive CD4 T
CCAAGATGTTTCAC-1,Memory CD4 T
CCAAGTGAGGAACG-1,Naive CD4 T
CCAAGTGATCAAGC-1,Memory CD4 T
CCAATTTGAACGTC-1,CD14+ Mono
CCACCATGATCGGT-1,Naive CD4 T
CCACCATGGACGAG-1,FCGR3A+ Mono
CCACCATGGGGAGT-1,Naive CD4 T
CCACCATGTCCTGC-1,CD8 T
CCACTGTGGGAAGC-1,CD14+ Mono
CCACTGTGTGTAGC-1,Naive CD4 T
CCACTTCTCGGGAA-1,CD14+ Mono
CCAGAAACGAACTC-1,Memory CD4 T
CCAGAAACGGTCTA-1,Naive CD4 T
CCAGACCTCTGAGT-1,CD14+ Mono
CCAGACCTTGTGGT-1,Naive CD4 T
CCAGCGGAAAGGCG-1,CD14+ Mono
CCAGCGGATGGGAG-1,Memory CD4 T
CCAGCTACACAGTC-1,Naive CD4 T
CCAGCTACCAGCTA-1,B
CCAGGTCTACACCA-1,B
CCAGTCACACTGGT-1,CD14+ Mono
CCAGTCACGTTGTG-1,Naive CD4 T
CCAGTGCTAACCAC-1,Memory CD4 T
CCAGTGCTCGTAGT-1,Memory CD4 T
CCATCCGAAAGCAA-1,Memory CD4 T
CCATCCGAACGACT-1,Naive CD4 T
CCATCCGAAGGTTC-1,B
CCATCCGATTCGCC-1,CD14+ Mono
CCCAACACCTCGCT-1,B
CCCAACACGCATCA-1,Naive CD4 T
CCCAACACTTTGTC-1,CD14+ Mono
CCCAGACTGCCTTC-1,CD14+ Mono
CCCAGACTGGTTTG-1,B
CCCAGACTTTCGCC-1,FCGR3A+ Mono
CCCAGTTGCAGTTG-1,CD14+ Mono
CCCAGTTGGGTACT-1,CD8 T
CCCAGTTGTCTATC-1,B
CCCGATTGTGTTTC-1,Memory CD4 T
CCCGGAGAAGGGTG-1,CD14+ Mono
CCCTACGAATTGGC-1,CD14+ Mono
CCCTAGTGCAAAGA-1,Memory CD4 T
CCCTCAGACACTTT-1,B
CCCTCAGACGAGAG-1,Naive CD4 T
CCCTCAGAGGTCAT-1,Naive CD4 T
CCCTGAACTAAAGG-1,B
CCCTGATGCAACCA-1,Naive CD4 T
CCCTGATGCAAGCT-1,B
CCCTTACTAACCAC-1,CD14+ Mono
CCCTTACTGCAGTT-1,Naive CD4 T
CCGACACTGGTTTG-1,Memory CD4 T
CCGACTACCCAGTA-1,CD14+ Mono
CCGACTACCGTGTA-1,Naive CD4 T
CCGACTACTGAGGG-1,Memory CD4 T
CCGATAGAGTTGGT-1,CD14+ Mono
CCGCGAGAGGTTCA-1,CD8 T
CCGCTATGTGCAAC-1,CD14+ Mono
CCGCTATGTGCACA-1,CD14+ Mono
CCGGTACTGTCCTC-1,Naive CD4 T
CCGTACACAAGCAA-1,Naive CD4 T
CCGTACACGTTGGT-1,CD14+ Mono
CCTAAACTTTCGTT-1,Naive CD4 T
CCTAAGGACCCAAA-1,Naive CD4 T
CCTAAGGAGGGCAA-1,Naive CD4 T
CCTACCGACTCTTA-1,Naive CD4 T
CCTAGAGAGGTGAG-1,B
CCTATAACCAAAGA-1,Naive CD4 T
CCTATAACGAGACG-1,FCGR3A+ Mono
CCTATAACTCAGAC-1,Naive CD4 T
CCTATAACTGCATG-1,FCGR3A+ Mono
CCTCGAACACTTTC-1,NK
CCTCGAACCCGTAA-1,FCGR3A+ Mono
CCTCGAACGTATCG-1,Naive CD4 T
CCTCGAACTTACTC-1,Memory CD4 T
CCTCTACTCTTCGC-1,CD14+ Mono
CCTCTACTGGCATT-1,Naive CD4 T
CCTGACTGAAGTAG-1,CD8 T
CCTGACTGGGGAGT-1,Naive CD4 T
CCTGACTGTGTCTT-1,B
CCTGCAACACGTTG-1,CD14+ Mono
CCTGGACTCGTGAT-1,Memory CD4 T
CCTTAATGCCCAAA-1,B
CCTTAATGTTCTAC-1,FCGR3A+ Mono
CCTTCACTACGACT-1,Naive CD4 T
CCTTCACTCAGTCA-1,B
CCTTCACTGGAGTG-1,CD14+ Mono
CGAACATGCCCTAC-1,CD14+ Mono
CGAACATGTCAGAC-1,Memory CD4 T
CGAAGACTGTTACG-1,Memory CD4 T
CGAAGGGAAACCTG-1,CD8 T
CGAAGGGATCCGAA-1,B
CGAATCGAGGAGCA-1,CD14+ Mono
CGAATCGAGGAGGT-1,Naive CD4 T
CGACAAACCGACAT-1,B
CGACCACTAAAGTG-1,NK
CGACCACTGCCAAT-1,NK
CGACCGGAAGGTCT-1,Naive CD4 T
CGACCGGATGGAAA-1,Memory CD4 T
CGACCTTGCTAGTG-1,Memory CD4 T
CGACGTCTATCGTG-1,CD8 T
CGACGTCTCGTGTA-1,Memory CD4 T
CGACGTCTGAGGCA-1,Naive CD4 T
CGACTCACGTTGCA-1,Naive CD4 T
CGACTCTGTGTGAC-1,Memory CD4 T
CGAGAACTAAGGCG-1,CD8 T
CGAGAACTTGTTCT-1,CD14+ Mono
CGAGATTGGACACT-1,CD8 T
CGAGATTGGCCATA-1,CD8 T
CGAGCCGAACACCA-1,Memory CD4 T
CGAGCCGAGGCGAA-1,Memory CD4 T
CGAGCGTGCTCCAC-1,Memory CD4 T
CGAGCGTGGATACC-1,Memory CD4 T
CGAGCGTGTATGCG-1,CD14+ Mono
CGAGGAGACCTCCA-1,B
CGAGGCACCTATGG-1,CD8 T
CGAGGCTGACGCTA-1,NK
CGAGGCTGGCAGTT-1,CD14+ Mono
CGAGGGCTACGACT-1,B
CGAGTATGTCACCC-1,FCGR3A+ Mono
CGATACGAACAGTC-1,CD14+ Mono
CGATACGACAGGAG-1,Memory CD4 T
CGATACGATTCACT-1,B
CGATAGACCCGTAA-1,CD14+ Mono
CGATAGACCGTACA-1,Memory CD4 T
CGATAGACGTAGGG-1,CD14+ Mono
CGATAGACTGTTCT-1,Naive CD4 T
CGATCAGAGAGGGT-1,Naive CD4 T
CGATCAGAGGTACT-1,Memory CD4 T
CGATCAGATGTGAC-1,DC
CGATCCACTTCCAT-1,B
CGCAAATGCTCGAA-1,Naive CD4 T
CGCAACCTCCTTGC-1,Naive CD4 T
CGCAACCTGGACGA-1,Naive CD4 T
CGCACGGAGGACGA-1,B
CGCACGGATCTTTG-1,Naive CD4 T
CGCACTACAGAATG-1,Naive CD4 T
CGCACTACAGCCAT-1,Memory CD4 T
CGCACTACATTGGC-1,Memory CD4 T
CGCACTACTCGCCT-1,B
CGCACTTGTCACGA-1,CD14+ Mono
CGCAGGACCTACTT-1,Naive CD4 T
CGCAGGACTTGTCT-1,FCGR3A+ Mono
CGCAGGTGCACTGA-1,Memory CD4 T
CGCATAGATCACGA-1,CD14+ Mono
CGCCATACTGCAAC-1,Memory CD4 T
CGCCATTGAGAGGC-1,Naive CD4 T
CGCCATTGCTATGG-1,Memory CD4 T
CGCCATTGGAGACG-1,Memory CD4 T
CGCCATTGTACTGG-1,B
CGCCGAGAGCTTAG-1,NK
CGCCTAACGAATGA-1,CD14+ Mono
CGCCTAACTGCTCC-1,Memory CD4 T
CGCGAGACACAGCT-1,Memory CD4 T
CGCGAGACAGGTCT-1,B
CGCGAGACGCTACA-1,Memory CD4 T
CGCGATCTGTTGAC-1,CD14+ Mono
CGCTAAGAATGTCG-1,Memory CD4 T
CGCTAAGACAACTG-1,Naive CD4 T
CGCTAAGACCCTTG-1,Naive CD4 T
CGCTACTGAACAGA-1,CD14+ Mono
CGCTACTGAGAACA-1,Naive CD4 T
CGCTACTGTTCCCG-1,CD8 T
CGCTCATGCATTTC-1,CD14+ Mono
CGGAATTGGTTTGG-1,Memory CD4 T
CGGAATTGTGGAGG-1,Memory CD4 T
CGGACCGATGCGTA-1,CD8 T
CGGACCGATGGGAG-1,Naive CD4 T
CGGACTCTAAACAG-1,B
CGGACTCTCCAATG-1,Memory CD4 T
CGGACTCTCCTCGT-1,CD8 T
CGGAGGCTTGGATC-1,Naive CD4 T
CGGATAACAACGAA-1,CD14+ Mono
CGGATAACAGCTCA-1,Memory CD4 T
CGGATAACTCAGTG-1,CD14+ Mono
CGGCACGAACTCAG-1,CD8 T
CGGCACGAAGGGTG-1,Naive CD4 T
CGGCACGACTACGA-1,FCGR3A+ Mono
CGGCATCTTAGAAG-1,CD8 T
CGGCCAGAGAGGCA-1,CD8 T
CGGCGAACCAGTCA-1,CD14+ Mono
CGGCGAACGACAAA-1,NK
CGGCGAACGGTCTA-1,Memory CD4 T
CGGCGAACTACTTC-1,NK
CGGGACTGCGTGTA-1,Naive CD4 T
CGGGACTGGAATAG-1,CD8 T
CGGGCATGACCCAA-1,CD8 T
CGGGCATGTCTCTA-1,NK
CGGTAAACTCGCAA-1,Memory CD4 T
CGGTCACTGTTTGG-1,Memory CD4 T
CGGTCACTTACTTC-1,Memory CD4 T
CGTAACGATCGCCT-1,Memory CD4 T
CGTACCACCTCATT-1,Naive CD4 T
CGTACCACGGAGCA-1,Naive CD4 T
CGTACCTGGCATCA-1,NK
CGTAGCCTCTCTCG-1,CD14+ Mono
CGTAGCCTGCGAAG-1,Memory CD4 T
CGTAGCCTGTATGC-1,CD14+ Mono
CGTCAAGAAAGGTA-1,CD14+ Mono
CGTCAAGAACGTGT-1,Naive CD4 T
CGTCAAGACAGAGG-1,Memory CD4 T
CGTCCATGCTCTTA-1,Naive CD4 T
CGTCGACTTTCCGC-1,CD8 T
CGTGATGACGCTAA-1,Naive CD4 T
CGTGATGAGGTTCA-1,CD8 T
CGTGCACTTATGGC-1,CD14+ Mono
CGTGTAGAAAAACG-1,Memory CD4 T
CGTGTAGACGATAC-1,NK
CGTGTAGAGTTCAG-1,CD14+ Mono
CGTGTAGATTCGGA-1,NK
CGTTAGGAAACCAC-1,Memory CD4 T
CGTTAGGATCATTC-1,CD14+ Mono
CGTTTAACTGGTCA-1,Memory CD4 T
CTAAACCTCTGACA-1,NK
CTAAACCTGTGCAT-1,B
CTAACACTAGTGCT-1,CD14+ Mono
CTAACGGAACCGAT-1,NK
CTAACGGATTTCTG-1,Naive CD4 T
CTAACTACGGCAAG-1,Naive CD4 T
CTAAGGACACCATG-1,Naive CD4 T
CTAAGGACCGTTAG-1,Memory CD4 T
CTAAGGACGCCATA-1,CD14+ Mono
CTAAGGTGCCTAAG-1,B
CTAAGGTGTTGCAG-1,Memory CD4 T
CTAAGGTGTTTCTG-1,Naive CD4 T
CTAATGCTTGTGGT-1,CD14+ Mono
CTACAACTCCCGTT-1,CD8 T
CTACGCACACCTAG-1,FCGR3A+ Mono
CTACGCACTCTCCG-1,Memory CD4 T
CTACGCACTGGTCA-1,NK
CTACGGCTTTCTTG-1,CD14+ Mono
CTACTATGAACCAC-1,CD14+ Mono
CTACTATGATGTGC-1,CD14+ Mono
CTACTATGCTAAGC-1,Memory CD4 T
CTACTCCTATGTCG-1,NK
CTACTCCTGCCATA-1,CD14+ Mono
CTAGAGACACTTTC-1,Memory CD4 T
CTAGAGACAGCATC-1,CD8 T
CTAGAGACTTTGGG-1,FCGR3A+ Mono
CTAGATCTCTCTAT-1,Memory CD4 T
CTAGGATGAGCCTA-1,B
CTAGGATGATCGTG-1,B
CTAGGCCTCTCAGA-1,Memory CD4 T
CTAGGTGATGGTTG-1,FCGR3A+ Mono
CTAGTTACCGCATA-1,Memory CD4 T
CTAGTTACGAAACA-1,NK
CTATAAGATCGTTT-1,B
CTATACTGCCAGTA-1,Naive CD4 T
CTATACTGCGCTAA-1,CD14+ Mono
CTATACTGCTACGA-1,NK
CTATACTGTCTCAT-1,NK
CTATAGCTGTCACA-1,Naive CD4 T
CTATAGCTTCGCTC-1,CD14+ Mono
CTATCAACGCAGAG-1,Memory CD4 T
CTATCCCTCCACCT-1,CD14+ Mono
CTATGTACGCTTAG-1,Naive CD4 T
CTATGTACTGTTTC-1,B
CTATGTTGTCCTCG-1,Naive CD4 T
CTATGTTGTCTCGC-1,Memory CD4 T
CTATTGACAAACGA-1,CD14+ Mono
CTATTGACACTGGT-1,CD14+ Mono
CTATTGACGGTGAG-1,CD14+ Mono
CTATTGTGGCAAGG-1,Naive CD4 T
CTCAATTGGTTGCA-1,CD14+ Mono
CTCAGCACTCTAGG-1,Memory CD4 T
CTCAGCACTGAACC-1,CD14+ Mono
CTCAGCACTTGCAG-1,Naive CD4 T
CTCAGCTGAACCTG-1,CD14+ Mono
CTCAGGCTGCTAAC-1,Naive CD4 T
CTCATTGACCTTAT-1,Memory CD4 T
CTCATTGATGCTTT-1,FCGR3A+ Mono
CTCCACGAGAGATA-1,DC
CTCCATCTCTTAGG-1,Naive CD4 T
CTCCATCTGACGAG-1,Naive CD4 T
CTCCGAACAAGTGA-1,FCGR3A+ Mono
CTCCTACTGCCTTC-1,CD14+ Mono
CTCGAAGATGTGGT-1,Naive CD4 T
CTCGAAGATTAGGC-1,CD14+ Mono
CTCGACTGCTCTAT-1,Naive CD4 T
CTCGACTGGTTGAC-1,NK
CTCGAGCTCTGGAT-1,CD8 T
CTCGCATGACTTTC-1,CD8 T
CTCGCATGCTTAGG-1,Naive CD4 T
CTCTAAACCTCGAA-1,Naive CD4 T
CTGAACGACAGTCA-1,Memory CD4 T
CTGAACGATGAGGG-1,Memory CD4 T
CTGAAGACCCAACA-1,Memory CD4 T
CTGAAGACGTGCAT-1,B
CTGAAGTGCAGCTA-1,B
CTGAAGTGGCTATG-1,Naive CD4 T
CTGAATCTGAATAG-1,Memory CD4 T
CTGACAGAATCGTG-1,CD8 T
CTGACCACAGCAAA-1,Naive CD4 T
CTGAGAACCGGGAA-1,Memory CD4 T
CTGAGAACGTAAAG-1,NK
CTGATTTGGTGTTG-1,CD14+ Mono
CTGCAGCTAACCGT-1,Naive CD4 T
CTGCAGCTGGATTC-1,FCGR3A+ Mono
CTGCCAACCAGCTA-1,Naive CD4 T
CTGCCAACTGCTCC-1,CD8 T
CTGCCAACTTGCTT-1,CD8 T
CTGCGACTCCACCT-1,Naive CD4 T
CTGGAAACAAACGA-1,CD8 T
CTGGAAACATCGAC-1,Naive CD4 T
CTGGATGACTGGAT-1,CD8 T
CTGGATGATGTGAC-1,B
CTGGCACTCAAGCT-1,CD14+ Mono
CTGTAACTAACCAC-1,Memory CD4 T
CTGTAACTAGCGTT-1,Naive CD4 T
CTGTATACGTTGGT-1,Memory CD4 T
CTGTGAGACGAACT-1,CD14+ Mono
CTGTGAGACTGTAG-1,CD14+ Mono
CTTAACACCTGTAG-1,Naive CD4 T
CTTAAGCTACCTAG-1,Naive CD4 T
CTTAAGCTAGTACC-1,Naive CD4 T
CTTAAGCTCATCAG-1,Naive CD4 T
CTTAAGCTCCGCTT-1,B
CTTACAACTAACGC-1,Naive CD4 T
CTTACAACTCCCGT-1,CD14+ Mono
CTTACTGACGTACA-1,Naive CD4 T
CTTAGACTAAACGA-1,Memory CD4 T
CTTAGGGACTTGCC-1,Memory CD4 T
CTTAGGGAGAATCC-1,Naive CD4 T
CTTATCGACTCATT-1,Memory CD4 T
CTTCACCTACCTGA-1,FCGR3A+ Mono
CTTCATGAAGCATC-1,B
CTTCATGAAGTACC-1,Naive CD4 T
CTTCATGACCGAAT-1,Naive CD4 T
CTTGAACTACGCAT-1,Naive CD4 T
CTTGATTGAGGTTC-1,CD8 T
CTTGATTGATCTTC-1,CD14+ Mono
CTTGATTGCATTCT-1,Memory CD4 T
CTTGATTGTTTCGT-1,Memory CD4 T
CTTGTATGACACCA-1,B
CTTGTATGCGCAAT-1,B
CTTTAGACCGTGAT-1,Naive CD4 T
CTTTAGACGAGACG-1,Naive CD4 T
CTTTAGACTCATTC-1,CD8 T
CTTTAGTGACGGGA-1,NK
CTTTAGTGGGTGGA-1,Naive CD4 T
CTTTCAGAGAAACA-1,Naive CD4 T
CTTTGATGAGCACT-1,Naive CD4 T
CTTTGATGTCTAGG-1,CD8 T
CTTTGATGTGTCCC-1,Memory CD4 T
CTTTGATGTGTGGT-1,Naive CD4 T
GAAACAGAACTACG-1,Naive CD4 T
GAAACAGAATCACG-1,Naive CD4 T
GAAACAGACATTCT-1,Naive CD4 T
GAAACCTGATCGTG-1,Naive CD4 T
GAAACCTGATGCCA-1,Memory CD4 T
GAAACCTGGACTAC-1,FCGR3A+ Mono
GAAACCTGTGCTAG-1,Memory CD4 T
GAAAGATGATTTCC-1,Memory CD4 T
GAAAGATGCTGATG-1,FCGR3A+ Mono
GAAAGATGTAAGGA-1,Naive CD4 T
GAAAGCCTACGTTG-1,B
GAAAGTGAAAGTGA-1,DC
GAAAGTGACTCAAG-1,Memory CD4 T
GAAATACTACCAAC-1,CD14+ Mono
GAAATACTCTTAGG-1,B
GAACACACGTGCAT-1,CD14+ Mono
GAACAGCTAACTGC-1,FCGR3A+ Mono
GAACAGCTCTCAGA-1,FCGR3A+ Mono
GAACCAACCACAAC-1,Naive CD4 T
GAACCAACTTCCGC-1,NK
GAACCTGAACGTGT-1,Memory CD4 T
GAACGGGATACTTC-1,Naive CD4 T
GAACTGTGACCTGA-1,FCGR3A+ Mono
GAACTGTGCCAGTA-1,CD14+ Mono
GAAGAATGCAATCG-1,Naive CD4 T
GAAGCGGACCTATT-1,CD14+ Mono
GAAGCTACGAATGA-1,CD14+ Mono
GAAGGGTGAAAGTG-1,Memory CD4 T
GAAGGTCTGTTGCA-1,Naive CD4 T
GAAGGTCTTAAAGG-1,DC
GAAGTAGACTCCCA-1,CD8 T
GAAGTCACCCTCGT-1,CD14+ Mono
GAAGTCACCCTGTC-1,B
GAAGTCTGTCGCAA-1,B
GAAGTCTGTTCTGT-1,Naive CD4 T
GAAGTGCTAAACGA-1,NK
GAAGTGCTCCGCTT-1,CD14+ Mono
GAAGTGCTTAACCG-1,Memory CD4 T
GAATGCACCCTAAG-1,Memory CD4 T
GAATGCACCTTCGC-1,NK
GAATGCTGCGGTAT-1,Naive CD4 T
GAATTAACGATAAG-1,Naive CD4 T
GAATTAACGGTCAT-1,Naive CD4 T
GAATTAACTGAAGA-1,B
GACAACACAGGCGA-1,Naive CD4 T
GACAACACATCGTG-1,Naive CD4 T
GACAACTGAGGTTC-1,Memory CD4 T
GACAGGGAAGAGTA-1,B
GACAGGGAATGCCA-1,Memory CD4 T
GACAGTACGAGCTT-1,FCGR3A+ Mono
GACAGTACTTCGGA-1,FCGR3A+ Mono
GACAGTTGAGTAGA-1,B
GACATTCTCCACCT-1,DC
GACCAAACGACTAC-1,CD14+ Mono
GACCAAACGTATCG-1,CD14+ Mono
GACCCTACTAAAGG-1,B
GACCTAGACCTCAC-1,Naive CD4 T
GACCTAGACGAGAG-1,Memory CD4 T
GACCTCACAAGGTA-1,Naive CD4 T
GACCTCACGTACGT-1,CD14+ Mono
GACCTCTGCATCAG-1,Naive CD4 T
GACGAACTCCCACT-1,Naive CD4 T
GACGATTGCCAATG-1,B
GACGCCGACCTTCG-1,Memory CD4 T
GACGCTCTCTCTCG-1,Platelet
GACGGCACACGGGA-1,NK
GACGTAACCTATGG-1,Naive CD4 T
GACGTAACCTGTGA-1,Memory CD4 T
GACGTAACTATGGC-1,Memory CD4 T
GACGTATGTTGACG-1,Naive CD4 T
GACGTATGTTTGCT-1,Naive CD4 T
GACGTCCTGATAAG-1,B
GACTACGATGGTCA-1,B
GACTCCTGCTCGCT-1,Naive CD4 T
GACTCCTGGGTTAC-1,Naive CD4 T
GACTCCTGTTGGTG-1,CD14+ Mono
GACTGATGTGATGC-1,Naive CD4 T
GACTTTACATGCCA-1,Naive CD4 T
GAGAAATGTTCTCA-1,B
GAGATCACGACAAA-1,FCGR3A+ Mono
GAGATGCTCTGGAT-1,CD8 T
GAGATGCTGAATGA-1,Memory CD4 T
GAGCAGGATTCCCG-1,CD8 T
GAGCATACTTTGCT-1,FCGR3A+ Mono
GAGCGCACGGTGAG-1,CD8 T
GAGCGCTGAAGATG-1,NK
GAGCGCTGTCTTAC-1,CD14+ Mono
GAGGACGACTCAGA-1,Naive CD4 T
GAGGATCTGAAAGT-1,B
GAGGCAGACTTGCC-1,CD8 T
GAGGGAACACCAGT-1,Memory CD4 T
GAGGGAACGAGGGT-1,Memory CD4 T
GAGGGATGGGAAAT-1,Naive CD4 T
GAGGGCCTTCACCC-1,Memory CD4 T
GAGGTACTACGGTT-1,Naive CD4 T
GAGGTACTACTCAG-1,CD14+ Mono
GAGGTACTGACACT-1,NK
GAGGTACTGGGAGT-1,Naive CD4 T
GAGGTGGATCCTCG-1,NK
GAGGTTACTCGTTT-1,CD14+ Mono
GAGGTTTGTAAGCC-1,CD14+ Mono
GAGTCAACCATTCT-1,Naive CD4 T
GAGTCAACGGGAGT-1,Naive CD4 T
GAGTCTGATCGTGA-1,Memory CD4 T
GAGTCTGATTTGGG-1,B
GAGTGACTCAGCTA-1,Memory CD4 T
GAGTGACTCGGTAT-1,CD8 T
GAGTGACTGACTAC-1,B
GAGTGACTGTCTAG-1,Naive CD4 T
GAGTGGGATGCTGA-1,B
GAGTGTTGCTGTAG-1,Memory CD4 T
GAGTGTTGTGGTCA-1,Naive CD4 T
GAGTTGTGCATGGT-1,CD14+ Mono
GAGTTGTGCTGAGT-1,CD8 T
GAGTTGTGGCGAGA-1,CD14+ Mono
GAGTTGTGGTAGCT-1,Platelet
GATAAGGAGAAACA-1,CD14+ Mono
GATAAGGATTCACT-1,CD14+ Mono
GATACTCTATCGGT-1,Naive CD4 T
GATACTCTTACTTC-1,Naive CD4 T
GATAGAGAAGGGTG-1,NK
GATAGAGACTGTGA-1,Naive CD4 T
GATAGAGATCACGA-1,CD14+ Mono
GATAGCACCCATAG-1,Naive CD4 T
GATAGCACGAAGGC-1,CD14+ Mono
GATAGCACTTGTCT-1,Naive CD4 T
GATATAACACGCAT-1,Naive CD4 T
GATATATGCTGGAT-1,Naive CD4 T
GATATATGTGGAGG-1,CD14+ Mono
GATATCCTAGAAGT-1,Naive CD4 T
GATATTGACGAGTT-1,FCGR3A+ Mono
GATATTGAGCCAAT-1,Naive CD4 T
GATCCCTGTGTAGC-1,CD8 T
GATCCGCTGGTCAT-1,CD14+ Mono
GATCGAACCGAGAG-1,Memory CD4 T
GATCGATGACTAGC-1,B
GATCGATGGTAAAG-1,B
GATCGATGTAAGGA-1,CD14+ Mono
GATCGTGACACTAG-1,Naive CD4 T
GATCGTGATTCACT-1,Memory CD4 T
GATCTACTGGTGAG-1,Memory CD4 T
GATCTACTTTGCAG-1,B
GATCTTACACCCAA-1,FCGR3A+ Mono
GATCTTACCCTACC-1,Memory CD4 T
GATCTTACGAATAG-1,CD14+ Mono
GATGCAACTCCAGA-1,Naive CD4 T
GATGCCCTACGTAC-1,Memory CD4 T
GATGCCCTCTCATT-1,Naive CD4 T
GATGCCCTGGCAAG-1,CD14+ Mono
GATGCCCTTTTGCT-1,Naive CD4 T
GATTACCTTGTTCT-1,Naive CD4 T
GATTCGGAACGACT-1,Naive CD4 T
GATTCGGACAGGAG-1,CD14+ Mono
GATTCGGAGAAGGC-1,FCGR3A+ Mono
GATTCTTGATTCGG-1,CD14+ Mono
GATTCTTGCCGATA-1,Naive CD4 T
GATTCTTGCGAGTT-1,B
GATTGGACCCGTTC-1,B
GATTGGACGGTGTT-1,B
GATTGGTGTGTCAG-1,Memory CD4 T
GATTTAGACACTCC-1,FCGR3A+ Mono
GATTTAGACTAAGC-1,B
GATTTAGATTCGTT-1,CD14+ Mono
GATTTGCTAACGAA-1,Naive CD4 T
GCAACCCTCCTCGT-1,CD14+ Mono
GCAACTGATTGCGA-1,Naive CD4 T
GCAAGACTACTGGT-1,Memory CD4 T
GCAAGACTAGGTCT-1,Memory CD4 T
GCAAGACTCCCTTG-1,Naive CD4 T
GCAATCGACTGCAA-1,Memory CD4 T
GCAATCGAGACGTT-1,CD14+ Mono
GCAATCGATCCTTA-1,CD14+ Mono
GCAATTCTCGTGTA-1,Memory CD4 T
GCAATTCTTCTCCG-1,Memory CD4 T
GCACAAACAATGCC-1,Naive CD4 T
GCACACCTGTGCTA-1,NK
GCACCACTCATGAC-1,CD14+ Mono
GCACCACTTCCTTA-1,NK
GCACCACTTTCGGA-1,CD14+ Mono
GCACCTACGCGATT-1,Memory CD4 T
GCACCTTGGGGAGT-1,CD14+ Mono
GCACGGTGACCTCC-1,Memory CD4 T
GCACGGTGCTATGG-1,CD14+ Mono
GCACTAGAACGGGA-1,Memory CD4 T
GCACTAGAAGATGA-1,B
GCACTAGACCTTTA-1,FCGR3A+ Mono
GCACTAGACGTAAC-1,B
GCACTAGAGTCGTA-1,NK
GCACTAGATGCAAC-1,Naive CD4 T
GCACTGCTGAGGCA-1,CD8 T
GCAGATACGACGGA-1,Naive CD4 T
GCAGCCGACAGTCA-1,Naive CD4 T
GCAGCGTGCACTCC-1,Naive CD4 T
GCAGCTCTCAATCG-1,Naive CD4 T
GCAGCTCTGTTTCT-1,Memory CD4 T
GCAGGGCTAAGAAC-1,Naive CD4 T
GCAGGGCTAAGGGC-1,Naive CD4 T
GCAGGGCTATCGAC-1,NK
GCAGTCCTCTCTTA-1,Naive CD4 T
GCATCAGATGCGTA-1,CD8 T
GCATGTGACAAGCT-1,Naive CD4 T
GCCAAAACGAGGCA-1,CD8 T
GCCAAATGATCGAC-1,Memory CD4 T
GCCAACCTACGGTT-1,Naive CD4 T
GCCAACCTCGCCTT-1,Naive CD4 T
GCCACGGAGGCGAA-1,CD14+ Mono
GCCACGGATACTGG-1,Naive CD4 T
GCCACTACGTCTTT-1,Memory CD4 T
GCCCAACTACCGAT-1,Naive CD4 T
GCCCAACTATGGTC-1,CD8 T
GCCCATACAGCGTT-1,CD8 T
GCCGAGTGCGTTGA-1,Memory CD4 T
GCCGGAACGAACTC-1,CD8 T
GCCGGAACGTTCTT-1,NK
GCCGGAACTGCACA-1,CD8 T
GCCGGAACTTACTC-1,Memory CD4 T
GCCGTACTACCTGA-1,Naive CD4 T
GCCTACACAGTTCG-1,NK
GCCTACACCACTGA-1,FCGR3A+ Mono
GCCTACACCTTGAG-1,Naive CD4 T
GCCTCAACTCTTTG-1,Memory CD4 T
GCCTCATGTCTTAC-1,CD8 T
GCCTGACTCTCAAG-1,CD14+ Mono
GCGAAGGAACTCTT-1,Naive CD4 T
GCGAAGGATGCCAA-1,Naive CD4 T
GCGAGAGAGGGACA-1,Naive CD4 T
GCGAGCACTGTCGA-1,B
GCGAGCACTTGACG-1,Naive CD4 T
GCGAGCACTTGCTT-1,CD14+ Mono
GCGATATGGTGTTG-1,Naive CD4 T
GCGCATCTAGGTCT-1,Naive CD4 T
GCGCATCTGGTTAC-1,Platelet
GCGCATCTTCGATG-1,Naive CD4 T
GCGCATCTTGCTCC-1,NK
GCGCATCTTTCTAC-1,Naive CD4 T
GCGCGAACGTTCTT-1,B
GCGCGATGGTGCAT-1,NK
GCGGAGCTCCTGAA-1,Naive CD4 T
GCGGCAACGGAGGT-1,B
GCGTAAACACGGTT-1,DC
GCGTAATGCACCAA-1,FCGR3A+ Mono
GCGTATGAACACCA-1,Memory CD4 T
GCGTATGATGAGAA-1,CD14+ Mono
GCTACAGAAAGGTA-1,Naive CD4 T
GCTACCTGAGAAGT-1,CD14+ Mono
GCTACCTGATCACG-1,Memory CD4 T
GCTACGCTAGAATG-1,Naive CD4 T
GCTACGCTAGCTAC-1,Memory CD4 T
GCTACGCTCCCTAC-1,Memory CD4 T
GCTAGAACAGAGGC-1,B
GCTAGAACGGATCT-1,Memory CD4 T
GCTAGAACTCCCGT-1,Naive CD4 T
GCTAGATGAGCTCA-1,CD14+ Mono
GCTAGATGGCGATT-1,CD8 T
GCTATACTAAGGCG-1,Naive CD4 T
GCTATACTAGCGTT-1,CD8 T
GCTATACTGGACGA-1,Memory CD4 T
GCTCAAGAACCATG-1,FCGR3A+ Mono
GCTCAAGAAGTCAC-1,CD14+ Mono
GCTCAGCTGTCTAG-1,Naive CD4 T
GCTCCATGAGAAGT-1,CD8 T
GCTCCATGCCGAAT-1,Naive CD4 T
GCTCGACTCTAGTG-1,CD14+ Mono
GCTGATGAGGTATC-1,CD14+ Mono
GCTTAACTACAGTC-1,CD14+ Mono
GCTTAACTGCTGAT-1,Naive CD4 T
GCTTAACTTAGACC-1,CD14+ Mono
GCTTAACTTCAGTG-1,Naive CD4 T
GGAACACTCACTTT-1,CD14+ Mono
GGAACACTTCAGAC-1,Platelet
GGAACTACTACTTC-1,Memory CD4 T
GGAACTTGAAGGTA-1,CD14+ Mono
GGAACTTGAGAATG-1,Memory CD4 T
GGAACTTGCTCCAC-1,CD14+ Mono
GGAACTTGGGTAGG-1,B
GGAAGGACATCGGT-1,CD14+ Mono
GGAAGGACCACTAG-1,Memory CD4 T
GGAAGGACGAGGGT-1,Memory CD4 T
GGAAGGTGGCGAGA-1,NK
GGAATCTGAAGGGC-1,Memory CD4 T
GGAATCTGAGGAGC-1,Memory CD4 T
GGAATCTGCTTAGG-1,B
GGAATCTGCTTGTT-1,CD14+ Mono
GGAATCTGGGAGGT-1,Naive CD4 T
GGAATGCTTTCTAC-1,Naive CD4 T
GGACAGGAAAGGGC-1,CD8 T
GGACAGGAGTGCTA-1,B
GGACAGGATCTCGC-1,Memory CD4 T
GGACCCGAAGCTAC-1,CD14+ Mono
GGACCGTGCTTACT-1,CD14+ Mono
GGACCGTGGGAACG-1,DC
GGACCGTGTAACGC-1,Memory CD4 T
GGACCTCTGTAAGA-1,CD14+ Mono
GGACCTCTTTTCTG-1,CD8 T
GGACGAGAGTGTCA-1,CD14+ Mono
GGACGCTGACGCAT-1,CD8 T
GGACGCTGCTAGCA-1,Naive CD4 T
GGAGAGACGTGAGG-1,B
GGAGCAGATTCAGG-1,B
GGAGCGCTACGCAT-1,CD14+ Mono
GGAGCGCTCCGAAT-1,Memory CD4 T
GGAGGATGCCACCT-1,Naive CD4 T
GGAGGATGTCAGTG-1,CD14+ Mono
GGAGGCCTCGTTGA-1,NK
GGAGGCCTTTCTTG-1,Naive CD4 T
GGAGGTGATCGCTC-1,Memory CD4 T
GGATACTGCAGCTA-1,Memory CD4 T
GGATACTGTCTAGG-1,Memory CD4 T
GGATAGCTCGTCTC-1,Memory CD4 T
GGATAGCTCTGAAC-1,CD8 T
GGATGTACCAAAGA-1,B
GGATGTACGCGAAG-1,Naive CD4 T
GGATGTACGTCTTT-1,CD14+ Mono
GGATGTACGTGTCA-1,CD8 T
GGATTTCTAGGTTC-1,Memory CD4 T
GGATTTCTTTGTCT-1,CD14+ Mono
GGCAAGGAAAAAGC-1,NK
GGCAAGGACTTGGA-1,CD14+ Mono
GGCAAGGAGGACTT-1,Naive CD4 T
GGCAATACGCTAAC-1,B
GGCAATACGGCATT-1,CD8 T
GGCAATACGTTTCT-1,B
GGCACGTGGCTTAG-1,FCGR3A+ Mono
GGCACTCTTTTGTC-1,Memory CD4 T
GGCATATGCTTATC-1,NK
GGCATATGGGGAGT-1,Platelet
GGCCACGACAGAGG-1,Naive CD4 T
GGCCAGACTGGTTG-1,Memory CD4 T
GGCCCAGAAAGTAG-1,CD14+ Mono
GGCCGAACGCAGAG-1,Naive CD4 T
GGCCGAACGTAGGG-1,Naive CD4 T
GGCCGATGCAGGAG-1,Memory CD4 T
GGCCGATGCCGAAT-1,Memory CD4 T
GGCCGATGTACTCT-1,CD8 T
GGCGACACTGCCCT-1,CD8 T
GGCGACTGCGTAAC-1,Memory CD4 T
GGCGCATGCTCCAC-1,Memory CD4 T
GGCGGACTAGAGGC-1,Memory CD4 T
GGCGGACTAGGAGC-1,CD8 T
GGCGGACTCTGACA-1,Naive CD4 T
GGCGGACTCTTGGA-1,CD8 T
GGCGGACTTACTGG-1,Naive CD4 T
GGCGGACTTGAACC-1,Memory CD4 T
GGCTAAACACCTGA-1,NK
GGCTAAACTCTTAC-1,Naive CD4 T
GGCTAATGGTCTAG-1,Naive CD4 T
GGCTCACTACTCAG-1,CD14+ Mono
GGGAACGAAGCTCA-1,FCGR3A+ Mono
GGGAACGACACAAC-1,B
GGGAACGAGTGTCA-1,CD14+ Mono
GGGACCACACGTTG-1,CD8 T
GGGACCACAGAACA-1,Naive CD4 T
GGGACCACGAATAG-1,Memory CD4 T
GGGACCACTCGTGA-1,Naive CD4 T
GGGACCACTGCATG-1,Naive CD4 T
GGGACCTGACCCTC-1,CD14+ Mono
GGGACCTGCTTGCC-1,Naive CD4 T
GGGACCTGTGGAGG-1,B
GGGATGGACGACAT-1,B
GGGATGGATACTTC-1,Memory CD4 T
GGGATGGATGGTTG-1,CD14+ Mono
GGGATTACGTCTAG-1,Naive CD4 T
GGGCAAGATGCATG-1,CD14+ Mono
GGGCACACGGTGAG-1,FCGR3A+ Mono
GGGCACACGTTGCA-1,Memory CD4 T
GGGCAGCTTGGGAG-1,CD8 T
GGGCAGCTTTTCTG-1,Naive CD4 T
GGGCCAACCTTGGA-1,DC
GGGCCAACGCGTTA-1,B
GGGCCAACTACGCA-1,CD14+ Mono
GGGCCAACTCCAAG-1,B
GGGCCATGATGGTC-1,CD8 T
GGGCCATGTTGACG-1,Memory CD4 T
GGGTAACTCAGCTA-1,Memory CD4 T
GGGTAACTCTAGTG-1,B
GGGTAACTCTGGAT-1,Naive CD4 T
GGGTTAACGTGCAT-1,NK
GGTAAAGAGCTAAC-1,CD8 T
GGTACAACTGCAAC-1,Memory CD4 T
GGTACATGAAAGCA-1,B
GGTACATGCGGTAT-1,Naive CD4 T
GGTACATGGTTACG-1,Memory CD4 T
GGTACTGAACTCTT-1,CD14+ Mono
GGTAGTACACCACA-1,CD8 T
GGTAGTACACTAGC-1,CD14+ Mono
GGTAGTACCCTGTC-1,Naive CD4 T
GGTAGTACTGTCTT-1,Memory CD4 T
GGTCAAACCAAAGA-1,Naive CD4 T
GGTCTAGAGAAACA-1,CD14+ Mono
GGTCTAGATAGCGT-1,CD14+ Mono
GGTGATACCGACTA-1,B
GGTGATACGACTAC-1,CD14+ Mono
GGTGATACTGTTTC-1,Naive CD4 T
GGTGGAGAAACGGG-1,NK
GGTGGAGACAGATC-1,CD8 T
GGTGGAGATCTCTA-1,CD14+ Mono
GGTGGAGATTACTC-1,CD8 T
GTAACGTGACCTCC-1,CD14+ Mono
GTAACGTGATCGGT-1,B
GTAAGCACAACGGG-1,Naive CD4 T
GTAAGCACTCATTC-1,B
GTAAGCTGGTACCA-1,CD14+ Mono
GTAATAACCTTCTA-1,CD14+ Mono
GTAATAACGTTGTG-1,Naive CD4 T
GTACCCTGACAGTC-1,FCGR3A+ Mono
GTACCCTGGAGCTT-1,Naive CD4 T
GTACCCTGTCCTTA-1,CD8 T
GTACCCTGTGAACC-1,Naive CD4 T
GTACGTGAACGTTG-1,CD8 T
GTACTTTGTCGACA-1,CD8 T
GTAGACTGTATTCC-1,Naive CD4 T
GTAGCAACAGTCGT-1,CD14+ Mono
GTAGCAACCATTTC-1,B
GTAGCAACGGTAGG-1,CD14+ Mono
GTAGCATGCACTCC-1,B
GTAGCCCTGACGTT-1,Naive CD4 T
GTAGCTGAAGCTAC-1,FCGR3A+ Mono
GTAGGTACACGGGA-1,CD14+ Mono
GTAGTGACCTCATT-1,Naive CD4 T
GTAGTGTGAGGCGA-1,CD14+ Mono
GTAGTGTGTGGTTG-1,Naive CD4 T
GTATCACTGGTAGG-1,CD14+ Mono
GTATCTACAGAAGT-1,CD8 T
GTATCTACGACGAG-1,CD8 T
GTATTAGAAACAGA-1,Memory CD4 T
GTATTAGAGGTCTA-1,Naive CD4 T
GTATTCACACAGCT-1,Naive CD4 T
GTCAACGACACTGA-1,Memory CD4 T
GTCAACGAGTGTAC-1,CD14+ Mono
GTCAATCTACACCA-1,CD8 T
GTCAATCTGTAGCT-1,CD8 T
GTCAATCTTGTGGT-1,Naive CD4 T
GTCACCTGCCTCCA-1,Naive CD4 T
GTCACCTGTCCCGT-1,Memory CD4 T
GTCATACTAATCGC-1,B
GTCATACTGCGATT-1,CD8 T
GTCATACTTTGACG-1,Memory CD4 T
GTCCAAGAAAAACG-1,Naive CD4 T
GTCCACTGACCTCC-1,Naive CD4 T
GTCCACTGGGTACT-1,FCGR3A+ Mono
GTCCAGCTACGGGA-1,Naive CD4 T
GTCCCATGTGGTGT-1,CD14+ Mono
GTCGAATGAAGGCG-1,CD14+ Mono
GTCGACCTGTTCAG-1,Naive CD4 T
GTCGCACTTGAGAA-1,B
GTCTAACTGGTCTA-1,FCGR3A+ Mono
GTCTAGGAGCTTCC-1,CD14+ Mono
GTGAACACACTCTT-1,Naive CD4 T
GTGAACACTCAGGT-1,Memory CD4 T
GTGACCCTTAAGCC-1,Memory CD4 T
GTGATGACAAGTGA-1,Memory CD4 T
GTGATGACCTGAGT-1,B
GTGATGACGGTTTG-1,CD8 T
GTGATTCTCATTTC-1,Memory CD4 T
GTGATTCTCTCTCG-1,CD14+ Mono
GTGATTCTGTCGAT-1,Naive CD4 T
GTGATTCTTAGCGT-1,B
GTGCCACTCAGGAG-1,Naive CD4 T
GTGGATTGCACTAG-1,FCGR3A+ Mono
GTGGATTGCGGAGA-1,Memory CD4 T
GTGGATTGTAACGC-1,Naive CD4 T
GTGTAGTGGGTACT-1,Memory CD4 T
GTGTATCTAGCCTA-1,B
GTGTATCTAGTAGA-1,NK
GTGTCAGAAGCGTT-1,CD8 T
GTTAAAACCGAGAG-1,NK
GTTAAATGCTCGAA-1,Naive CD4 T
GTTAAATGTCGACA-1,B
GTTAACCTAGCTAC-1,Memory CD4 T
GTTAACCTTGCTTT-1,DC
GTTAGGTGCACTCC-1,Naive CD4 T
GTTAGGTGCCCAAA-1,FCGR3A+ Mono
GTTAGGTGGAACTC-1,B
GTTATAGAGGACAG-1,Memory CD4 T
GTTCAACTGGGACA-1,NK
GTTCAACTTATGCG-1,Naive CD4 T
GTTGACGAGCCCTT-1,CD8 T
GTTGACGATATCGG-1,NK
GTTGAGTGGTCTTT-1,CD14+ Mono
GTTGAGTGTGCTTT-1,Memory CD4 T
GTTGATCTGGGACA-1,Naive CD4 T
GTTGATCTTTTCAC-1,CD8 T
GTTGGATGTTTACC-1,FCGR3A+ Mono
GTTGTACTATTCCT-1,CD14+ Mono
GTTTAAGACCATGA-1,CD14+ Mono
GTTTAAGACTGTCC-1,CD8 T
TAAACAACCAACCA-1,Memory CD4 T
TAAACAACGAATCC-1,B
TAAAGACTCAGGAG-1,Memory CD4 T
TAAATCGATGAGGG-1,Naive CD4 T
TAACAATGTGCCCT-1,B
TAACACCTTCGCTC-1,CD14+ Mono
TAACACCTTCGTAG-1,CD14+ Mono
TAACATGACACTAG-1,B
TAACGTCTCAACCA-1,CD14+ Mono
TAACTAGAATTTCC-1,Memory CD4 T
TAACTAGACTTAGG-1,Memory CD4 T
TAACTAGATCTGGA-1,Naive CD4 T
TAACTCACGTACAC-1,B
TAACTCACGTATCG-1,CD14+ Mono
TAACTCACTCTACT-1,NK
TAAGAACTGTGTCA-1,CD14+ Mono
TAAGATACGGTTCA-1,CD14+ Mono
TAAGATTGCGTAGT-1,Memory CD4 T
TAAGATTGTTGCTT-1,Memory CD4 T
TAAGCGTGAGGTTC-1,CD14+ Mono
TAAGCGTGGACAAA-1,CD14+ Mono
TAAGCGTGGGAAAT-1,Naive CD4 T
TAAGCGTGTGCTCC-1,FCGR3A+ Mono
TAAGGCTGCCATGA-1,Memory CD4 T
TAAGGCTGCTGCTC-1,Naive CD4 T
TAAGGCTGTCTCGC-1,CD14+ Mono
TAAGTAACCGAGAG-1,B
TAAGTAACCTCCAC-1,B
TAAGTAACCTGTAG-1,Memory CD4 T
TAAGTAACTTGTCT-1,Memory CD4 T
TAATGATGAGCGGA-1,Naive CD4 T
TAATGCCTCATGAC-1,Memory CD4 T
TAATGTGAAGATGA-1,Naive CD4 T
TAATGTGACTGCAA-1,CD14+ Mono
TAATGTGATTACTC-1,Memory CD4 T
TACAAATGGGTACT-1,Memory CD4 T
TACAATGAAAACAG-1,CD14+ Mono
TACAATGACTTAGG-1,Memory CD4 T
TACAATGATGCTAG-1,CD8 T
TACACACTCACACA-1,Naive CD4 T
TACACACTCTTACT-1,Memory CD4 T
TACATAGAACGCAT-1,CD8 T
TACATCACCTGTTT-1,FCGR3A+ Mono
TACATCACTGAACC-1,FCGR3A+ Mono
TACCATTGCGGGAA-1,CD14+ Mono
TACCATTGTGAGGG-1,CD14+ Mono
TACGAGTGATCTCT-1,Naive CD4 T
TACGAGTGATGCTG-1,CD14+ Mono
TACGAGTGCGGAGA-1,Memory CD4 T
TACGATCTAGTGTC-1,Naive CD4 T
TACGATCTCACTGA-1,CD14+ Mono
TACGATCTTACGAC-1,CD8 T
TACGCAGAGAATCC-1,CD8 T
TACGCCACTCCCAC-1,FCGR3A+ Mono
TACGCCACTCCGAA-1,B
TACGGAACGCGTTA-1,B
TACGGCCTGGGACA-1,NK
TACGTACTACGGAG-1,Memory CD4 T
TACGTACTCAGTTG-1,Memory CD4 T
TACGTACTCCCGTT-1,B
TACGTTACAGAAGT-1,Memory CD4 T
TACGTTACCAAGCT-1,CD14+ Mono
TACTAAGATGATGC-1,CD14+ Mono
TACTACACTTACCT-1,B
TACTACTGATGTCG-1,NK
TACTACTGATTCTC-1,Naive CD4 T
TACTACTGTATGGC-1,Naive CD4 T
TACTCAACGGTCTA-1,CD14+ Mono
TACTCAACTGCTAG-1,B
TACTCCCTCAGTTG-1,Naive CD4 T
TACTCTGATTGACG-1,B
TACTGTTGAAAGCA-1,Naive CD4 T
TACTGTTGAGGCGA-1,NK
TACTGTTGCTGAAC-1,B
TACTTGACTCCTCG-1,CD8 T
TACTTGACTGGTGT-1,B
TACTTTCTTTTGGG-1,CD8 T
TAGAAACTAATCGC-1,Naive CD4 T
TAGAAACTGGGATG-1,CD8 T
TAGAATTGCGACAT-1,Naive CD4 T
TAGAATTGTATCGG-1,Naive CD4 T
TAGACGTGCTTGAG-1,Naive CD4 T
TAGACGTGTCGCTC-1,Naive CD4 T
TAGAGCACCTTACT-1,B
TAGATTGACTTGTT-1,B
TAGATTGAGGCATT-1,Naive CD4 T
TAGCATCTCCCTCA-1,Naive CD4 T
TAGCATCTGCTGTA-1,FCGR3A+ Mono
TAGCATCTGGGACA-1,Naive CD4 T
TAGCATCTTGTCGA-1,Naive CD4 T
TAGCCCACAAAAGC-1,Memory CD4 T
TAGCCCACAGCTAC-1,NK
TAGCCCACCCACAA-1,Naive CD4 T
TAGCCCTGCGGAGA-1,Memory CD4 T
TAGCCGCTTACGAC-1,Memory CD4 T
TAGCCGCTTACTTC-1,CD8 T
TAGCTACTGAATAG-1,B
TAGCTACTGTAGCT-1,Memory CD4 T
TAGCTACTTTTGCT-1,CD8 T
TAGGAGCTGAGGGT-1,Naive CD4 T
TAGGAGCTTGCATG-1,B
TAGGCAACCGTCTC-1,B
TAGGCATGCTCTCG-1,DC
TAGGCATGGCGAGA-1,CD8 T
TAGGCTGATGCCTC-1,CD14+ Mono
TAGGGACTGAACTC-1,NK
TAGGTCGACACTGA-1,Naive CD4 T
TAGGTCGAGGATCT-1,B
TAGGTGACACACTG-1,Memory CD4 T
TAGGTGTGTTCTGT-1,Memory CD4 T
TAGGTTCTGAAGGC-1,Memory CD4 T
TAGGTTCTTCTTAC-1,FCGR3A+ Mono
TAGGTTCTTGCTGA-1,CD14+ Mono
TAGTAAACCTCGCT-1,Naive CD4 T
TAGTAATGAGATCC-1,Naive CD4 T
TAGTACCTAAGAAC-1,CD14+ Mono
TAGTATGATCTTAC-1,B
TAGTATGATTCTCA-1,Memory CD4 T
TAGTCTTGGCTGTA-1,Naive CD4 T
TAGTCTTGGGACTT-1,Naive CD4 T
TAGTGGTGAAGTGA-1,NK
TAGTTAGAACCACA-1,NK
TAGTTAGATGAACC-1,Naive CD4 T
TATAAGACAACAGA-1,Naive CD4 T
TATAAGACAGCTCA-1,FCGR3A+ Mono
TATAAGTGACACCA-1,FCGR3A+ Mono
TATAAGTGTATCGG-1,CD14+ Mono
TATAAGTGTGGTGT-1,FCGR3A+ Mono
TATACAGAACCCTC-1,CD8 T
TATACAGAAGAACA-1,Naive CD4 T
TATACAGATCCAGA-1,Naive CD4 T
TATAGATGGACGGA-1,Memory CD4 T
TATAGATGTTCCGC-1,FCGR3A+ Mono
TATCCAACCAGCTA-1,CD14+ Mono
TATCCAACTCTCTA-1,CD8 T
TATCGACTCGATAC-1,FCGR3A+ Mono
TATCGTACAGATGA-1,CD8 T
TATGAATGGAGGAC-1,NK
TATGAATGTTTGCT-1,FCGR3A+ Mono
TATGGGTGCATCAG-1,NK
TATGGGTGCTAGCA-1,B
TATGGTCTCTACCC-1,Naive CD4 T
TATGTCACGGAACG-1,B
TATGTCACTAACCG-1,CD14+ Mono
TATGTGCTGGATTC-1,Naive CD4 T
TATTGCTGAAGAAC-1,CD14+ Mono
TATTGCTGCCGTTC-1,B
TATTGCTGTCTGGA-1,Naive CD4 T
TATTGCTGTGCACA-1,Naive CD4 T
TATTTCCTGGTGTT-1,Naive CD4 T
TCAACACTGTTTGG-1,NK
TCAAGGACAGCGTT-1,Naive CD4 T
TCAAGGACGGTGTT-1,CD14+ Mono
TCAATCACACTCTT-1,CD8 T
TCAATCACAGTCGT-1,FCGR3A+ Mono
TCACAACTATGTGC-1,Naive CD4 T
TCACAACTTTGCTT-1,CD14+ Mono
TCACATACAGGGTG-1,Naive CD4 T
TCACCCGAGACGGA-1,CD14+ Mono
TCACGAGAGGAGGT-1,B
TCACTATGGTTGTG-1,B
TCAGACGACGCTAA-1,Memory CD4 T
TCAGACGACGTTAG-1,NK
TCAGAGACTCCAGA-1,Naive CD4 T
TCAGCAGACTCCAC-1,Naive CD4 T
TCAGCGCTGGTATC-1,CD8 T
TCAGGATGAAGTAG-1,Naive CD4 T
TCAGGATGCCTTTA-1,FCGR3A+ Mono
TCAGTGGAAGATCC-1,CD8 T
TCAGTTACCTACGA-1,CD14+ Mono
TCAGTTACTAGAAG-1,Naive CD4 T
TCATCAACTGTTCT-1,CD14+ Mono
TCATCATGCAGTTG-1,Memory CD4 T
TCATCCCTTACTGG-1,Memory CD4 T
TCATTCGATACAGC-1,FCGR3A+ Mono
TCCACGTGGAAACA-1,Memory CD4 T
TCCACTCTGAGCTT-1,CD14+ Mono
TCCACTCTTACTTC-1,B
TCCATAACAAAGTG-1,Naive CD4 T
TCCATAACCGTAGT-1,B
TCCATAACGATGAA-1,Memory CD4 T
TCCATAACTACGCA-1,Naive CD4 T
TCCATCCTCCCTAC-1,CD8 T
TCCCACGATCATTC-1,Memory CD4 T
TCCCATCTCAAAGA-1,CD14+ Mono
TCCCGAACTTCGCC-1,FCGR3A+ Mono
TCCCGATGAGATCC-1,Memory CD4 T
TCCCGATGCCTGAA-1,CD14+ Mono
TCCCTACTCAACTG-1,B
TCCGAAGACAATCG-1,CD14+ Mono
TCCGAAGACGTTAG-1,Memory CD4 T
TCCGGACTGAGGTG-1,Memory CD4 T
TCCGGACTGTACGT-1,CD8 T
TCCTAAACATCGAC-1,Naive CD4 T
TCCTAAACCGAGAG-1,Memory CD4 T
TCCTAAACCGCATA-1,NK
TCCTACCTGTCGTA-1,Memory CD4 T
TCCTATGAAAAGCA-1,CD8 T
TCGAATCTCTGGTA-1,CD8 T
TCGACGCTTTGACG-1,Memory CD4 T
TCGAGAACGACAGG-1,Memory CD4 T
TCGAGAACGTTAGC-1,Memory CD4 T
TCGAGCCTATCAGC-1,B
TCGAGCCTGCGAGA-1,CD8 T
TCGAGCCTTGTGAC-1,Naive CD4 T
TCGATACTATTCCT-1,CD8 T
TCGATTTGATGCCA-1,CD14+ Mono
TCGATTTGCACTCC-1,Naive CD4 T
TCGATTTGCAGCTA-1,NK
TCGATTTGCCTACC-1,CD14+ Mono
TCGATTTGTCGTGA-1,B
TCGCAGCTAGATCC-1,CD8 T
TCGCCATGTGGTCA-1,B
TCGGACCTAACAGA-1,Naive CD4 T
TCGGACCTATAAGG-1,B
TCGGACCTGTACAC-1,Memory CD4 T
TCGGTAGAGTAGGG-1,Naive CD4 T
TCGTAGGATCGACA-1,Memory CD4 T
TCGTTATGGACAAA-1,Memory CD4 T
TCTAACACCAGTTG-1,NK
TCTAACACGAGCAG-1,DC
TCTAACTGAACCAC-1,Memory CD4 T
TCTAAGCTAATGCC-1,Naive CD4 T
TCTAAGCTTAGTCG-1,CD8 T
TCTAAGCTTCTAGG-1,FCGR3A+ Mono
TCTAAGCTTGTTCT-1,CD14+ Mono
TCTAAGCTTTCGCC-1,B
TCTACAACGACTAC-1,CD14+ Mono
TCTAGTTGCACCAA-1,CD14+ Mono
TCTATGTGAAGAGT-1,CD14+ Mono
TCTATGTGAGTCTG-1,CD8 T
TCTCAAACCTAAGC-1,B
TCTGATACTCGCCT-1,Naive CD4 T
TCTTACGAACCTGA-1,CD14+ Mono
TCTTCAGAGCTACA-1,CD14+ Mono
TCTTGATGCGGAGA-1,CD8 T
TGAACCGAAAACGA-1,Naive CD4 T
TGAACCGACTACTT-1,FCGR3A+ Mono
TGAAGCACTCACGA-1,CD8 T
TGAAGCTGAACGAA-1,Naive CD4 T
TGAAGCTGCATGGT-1,B
TGAAGCTGCGTAAC-1,Naive CD4 T
TGAATAACCACTTT-1,Naive CD4 T
TGAATAACTCCCAC-1,CD8 T
TGACACGACCTTAT-1,B
TGACCAGACAACCA-1,Naive CD4 T
TGACCGCTAAAAGC-1,Memory CD4 T
TGACTGGAAGAGAT-1,CD14+ Mono
TGACTGGACCGTAA-1,Naive CD4 T
TGACTGGACGCAAT-1,Naive CD4 T
TGACTGGAGGACAG-1,B
TGACTTACACACCA-1,Memory CD4 T
TGACTTACAGTCTG-1,CD14+ Mono
TGACTTTGCGCATA-1,Naive CD4 T
TGACTTTGTTTGTC-1,Memory CD4 T
TGAGACACAAGGTA-1,Memory CD4 T
TGAGACACTCAAGC-1,CD8 T
TGAGCTGAATGCTG-1,FCGR3A+ Mono
TGAGCTGATGCTAG-1,CD14+ Mono
TGAGGACTCTCATT-1,CD14+ Mono
TGAGGACTTCATTC-1,Memory CD4 T
TGAGTCGAGTTACG-1,B
TGAGTGACTGAGCT-1,Naive CD4 T
TGATAAACGAATCC-1,Memory CD4 T
TGATAAACTTTCAC-1,Naive CD4 T
TGATACCTCACTAG-1,CD14+ Mono
TGATACCTTATGCG-1,Naive CD4 T
TGATACCTTGAAGA-1,Naive CD4 T
TGATATGAACCTTT-1,Naive CD4 T
TGATCACTAGCATC-1,CD8 T
TGATCACTCTCGCT-1,Naive CD4 T
TGATCACTTCTACT-1,B
TGATCGGACTGACA-1,FCGR3A+ Mono
TGATCGGAGGAGCA-1,B
TGATCGGATATGCG-1,FCGR3A+ Mono
TGATTAGATGACTG-1,B
TGATTCACTGTCAG-1,B
TGATTCTGCCGAAT-1,Memory CD4 T
TGATTCTGCTCTTA-1,Memory CD4 T
TGCAAGTGAGAACA-1,Memory CD4 T
TGCAATCTTCAGGT-1,DC
TGCACAGACGACAT-1,NK
TGCCAAGAGCAGTT-1,FCGR3A+ Mono
TGCCAAGATCTCTA-1,Memory CD4 T
TGCCACTGAACGTC-1,Naive CD4 T
TGCCACTGCGATAC-1,NK
TGCCAGCTTGGCAT-1,Naive CD4 T
TGCCCAACAGCAAA-1,Naive CD4 T
TGCCCAACCGCATA-1,FCGR3A+ Mono
TGCCGACTCTCCCA-1,B
TGCGAAACAGTCAC-1,B
TGCGATGACCTCGT-1,Naive CD4 T
TGCGATGACTAGTG-1,B
TGCGATGACTGCTC-1,B
TGCGATGACTTGCC-1,B
TGCGATGAGTGCTA-1,CD14+ Mono
TGCGCACTCTTGAG-1,CD14+ Mono
TGCGTAGACGGGAA-1,B
TGCGTAGATGGTCA-1,FCGR3A+ Mono
TGCTAGGAAACCGT-1,CD8 T
TGCTAGGATAGTCG-1,Naive CD4 T
TGCTATACGGTTCA-1,CD14+ Mono
TGCTATACTGCTGA-1,CD8 T
TGCTGAGAGAGCAG-1,NK
TGCTGAGATTATCC-1,Naive CD4 T
TGGAAAGACTCTCG-1,B
TGGAAAGAGGTCAT-1,FCGR3A+ Mono
TGGAAAGATATGGC-1,Naive CD4 T
TGGAAGCTCAGATC-1,Naive CD4 T
TGGACCCTACACTG-1,CD14+ Mono
TGGACCCTGGTACT-1,CD14+ Mono
TGGAGACTATCAGC-1,CD14+ Mono
TGGAGACTTCAAGC-1,Naive CD4 T
TGGAGACTTGACCA-1,CD8 T
TGGAGGGACGGAGA-1,CD14+ Mono
TGGATCGATAAAGG-1,Naive CD4 T
TGGATGTGACCTAG-1,B
TGGATGTGTGAAGA-1,B
TGGATTCTCATACG-1,CD8 T
TGGCACCTTCACGA-1,Naive CD4 T
TGGGTATGAAGAGT-1,Memory CD4 T
TGGGTATGGTACGT-1,B
TGGGTATGTTTGGG-1,CD14+ Mono
TGGTAGACATGCCA-1,Memory CD4 T
TGGTAGACCTGATG-1,Memory CD4 T
TGGTAGTGCACTGA-1,CD14+ Mono
TGGTATCTCTTCCG-1,Naive CD4 T
TGGTCAGACCCAAA-1,Naive CD4 T
TGGTTACTGACGTT-1,CD14+ Mono
TGGTTACTGTTCTT-1,Naive CD4 T
TGTAACCTAGAGGC-1,Naive CD4 T
TGTAACCTTGCCTC-1,CD14+ Mono
TGTAATGACACAAC-1,NK
TGTAATGAGGTAAA-1,NK
TGTACTTGCTCTAT-1,FCGR3A+ Mono
TGTAGGTGCGAGAG-1,B
TGTAGGTGCTATGG-1,Memory CD4 T
TGTAGGTGCTCTAT-1,DC
TGTAGGTGTGCTGA-1,Naive CD4 T
TGTAGTCTTCCAGA-1,Naive CD4 T
TGTATCTGTTAGGC-1,Memory CD4 T
TGTATGCTCATGGT-1,B
TGTATGCTTTCATC-1,Naive CD4 T
TGTCAGGAATACCG-1,Naive CD4 T
TGTCAGGAGATGAA-1,FCGR3A+ Mono
TGTCTAACCCCTTG-1,Naive CD4 T
TGTGACGATTCTCA-1,CD8 T
TGTGAGACTGTCAG-1,FCGR3A+ Mono
TGTGAGACTTGAGC-1,Memory CD4 T
TGTGAGTGACCACA-1,Naive CD4 T
TGTGAGTGGAGATA-1,CD8 T
TGTGATCTCTCTAT-1,B
TGTGATCTGACACT-1,Naive CD4 T
TGTGGATGGCCAAT-1,B
TGTTAAGACAAAGA-1,CD14+ Mono
TGTTAAGATAAGGA-1,CD14+ Mono
TGTTACACCGCATA-1,FCGR3A+ Mono
TGTTACTGTAGTCG-1,CD8 T
TTAACCACCGTAAC-1,Naive CD4 T
TTAACCACTAAGGA-1,CD8 T
TTAACCACTCAGAC-1,CD8 T
TTACACACGTGTTG-1,Memory CD4 T
TTACACACTCCTAT-1,Naive CD4 T
TTACCATGGTTGAC-1,Memory CD4 T
TTACCATGTTGTGG-1,B
TTACGACTGAGAGC-1,Memory CD4 T
TTACGACTTGACAC-1,CD14+ Mono
TTACGTACGTTCAG-1,Platelet
TTACTCGAAGAATG-1,CD14+ Mono
TTACTCGAGGGTGA-1,Naive CD4 T
TTACTCGATCTACT-1,NK
TTAGAATGTGGTGT-1,Naive CD4 T
TTAGAATGTGTAGC-1,Naive CD4 T
TTAGACCTCCTACC-1,Naive CD4 T
TTAGACCTCCTTTA-1,CD14+ Mono
TTAGCTACAACCGT-1,Naive CD4 T
TTAGCTACTGTCCC-1,CD14+ Mono
TTAGCTACTTTCGT-1,Memory CD4 T
TTAGGGTGCTGGAT-1,B
TTAGGGTGTCCTGC-1,CD14+ Mono
TTAGGTCTACTTTC-1,CD14+ Mono
TTAGTCACCAGTTG-1,Memory CD4 T
TTAGTCTGAAAGCA-1,B
TTAGTCTGCCAACA-1,NK
TTAGTCTGTGCACA-1,Memory CD4 T
TTATCCGACTAGTG-1,B
TTATCCGAGAAAGT-1,CD14+ Mono
TTATGCACGTCACA-1,B
TTATGGCTTATGGC-1,DC
TTATTCCTATGCTG-1,CD14+ Mono
TTATTCCTTCGTGA-1,Memory CD4 T
TTCAAAGATAAAGG-1,CD8 T
TTCAACACAACAGA-1,Naive CD4 T
TTCAACACCCCAAA-1,CD14+ Mono
TTCAACACGGACGA-1,FCGR3A+ Mono
TTCAAGCTAAGAAC-1,CD14+ Mono
TTCAAGCTAGATGA-1,Memory CD4 T
TTCAAGCTTGATGC-1,Naive CD4 T
TTCAAGCTTTCGCC-1,Naive CD4 T
TTCACAACCCGTTC-1,CD14+ Mono
TTCACAACGTCTGA-1,FCGR3A+ Mono
TTCAGACTACCCAA-1,Naive CD4 T
TTCAGACTCTCGAA-1,Naive CD4 T
TTCAGTACCGACTA-1,Memory CD4 T
TTCAGTACTCAAGC-1,Memory CD4 T
TTCAGTACTCCTAT-1,CD14+ Mono
TTCAGTTGTCTCGC-1,B
TTCATCGAGGTGGA-1,CD14+ Mono
TTCATGTGTGGTGT-1,Memory CD4 T
TTCATTCTATGTCG-1,CD14+ Mono
TTCCAAACCTATGG-1,CD14+ Mono
TTCCAAACTCCCAC-1,NK
TTCCAAACTTGACG-1,CD8 T
TTCCATGACGAGAG-1,CD14+ Mono
TTCCATGACTGTCC-1,Naive CD4 T
TTCCCACTTGAGGG-1,NK
TTCCCACTTGTCTT-1,CD14+ Mono
TTCCTAGAAAGTGA-1,Naive CD4 T
TTCGAGGACTCTAT-1,Memory CD4 T
TTCGAGGAGGGCAA-1,Memory CD4 T
TTCGAGGATAGAAG-1,FCGR3A+ Mono
TTCGATTGAGCATC-1,Naive CD4 T
TTCGGAGAATGCCA-1,CD14+ Mono
TTCGGAGATGTGCA-1,Naive CD4 T
TTCGTATGAAAAGC-1,CD8 T
TTCGTATGGATAGA-1,CD8 T
TTCGTATGTCCTTA-1,CD14+ Mono
TTCTACGAACGTAC-1,Naive CD4 T
TTCTACGAGTTGGT-1,Memory CD4 T
TTCTAGTGCATGAC-1,CD14+ Mono
TTCTAGTGGTCACA-1,CD14+ Mono
TTCTCAGAAGAGAT-1,Naive CD4 T
TTCTCAGAAGCATC-1,B
TTCTCAGATGGAGG-1,Memory CD4 T
TTCTGATGGAGACG-1,NK
TTGAACCTCCTTGC-1,B
TTGAATGAACTACG-1,FCGR3A+ Mono
TTGAATGACTTACT-1,Naive CD4 T
TTGAATGATCTCAT-1,B
TTGACACTCTGTAG-1,Naive CD4 T
TTGACACTGATAAG-1,B
TTGAGGTGGACGGA-1,Naive CD4 T
TTGCATTGAGCTAC-1,CD8 T
TTGCATTGCTAAGC-1,CD14+ Mono
TTGCATTGTGACTG-1,Memory CD4 T
TTGCTAACACGCTA-1,FCGR3A+ Mono
TTGCTATGGTACGT-1,CD14+ Mono
TTGCTATGGTAGGG-1,FCGR3A+ Mono
TTGGAGACGCTATG-1,CD14+ Mono
TTGGAGACTATGGC-1,B
TTGGGAACTGAACC-1,Naive CD4 T
TTGGTACTACTGGT-1,CD14+ Mono
TTGGTACTCTTAGG-1,Naive CD4 T
TTGTACACGTTGTG-1,B
TTGTCATGGACGGA-1,NK
TTTAGAGATCCTCG-1,B
TTTAGCTGATACCG-1,Naive CD4 T
TTTAGCTGGATACC-1,CD14+ Mono
TTTAGGCTCCTTTA-1,CD14+ Mono
TTTCACGAGGTTCA-1,Naive CD4 T
TTTCAGTGGAAGGC-1,CD8 T
TTTCAGTGTCACGA-1,B
TTTCAGTGTCTATC-1,CD14+ Mono
TTTCCAGAGGTGAG-1,Memory CD4 T
TTTCGAACACCTGA-1,DC
TTTCGAACTCTCAT-1,CD14+ Mono
TTTCTACTGAGGCA-1,B
TTTCTACTTCCTCG-1,B
TTTGCATGAGAGGC-1,B
