AAACGCTTCTTACCAT-4,B cell IgG-
AAAGGATAGGTTAAAC-4,B cell IgG-
AAAGGATGTTTGGCTA-4,classical Monocyte
AAAGGGCAGGCTTCCG-4,classical Monocyte
AAAGGGCTCGGTTAGT-4,classical Monocyte
AAAGGTACAGCTGGTC-4,classical Monocyte
AAAGGTATCCGAGGCT-4,classical Monocyte
AAAGTCCGTGTTACAC-4,B cell IgG-
AAAGTGACAGTCGGTC-4,classical Monocyte
AAAGTGATCCATGCAA-4,classical Monocyte
AAATGGAGTGGTCCCA-4,classical Monocyte
AAATGGATCCTCACGT-4,classical Monocyte
AACAAAGAGTAGGAAG-4,classical Monocyte
AACAAAGCAGCACAGA-4,DC
AACAAAGTCGCTAGCG-4,CD8 EM-like
AACAACCTCACGTCCT-4,CD4 EM-like
AACACACCAAGGTCAG-4,B cell IgG+
AACCAACCACGGTCTG-4,B cell IgG-
AACCACATCGTCAACA-4,classical Monocyte
AACCATGTCCCGAAAT-4,classical Monocyte
AACCCAAAGAAGTGTT-4,classical Monocyte
AACCTTTAGGGAGGTG-4,NK cell
AACCTTTCAACCTATG-4,B cell IgG-
AACCTTTTCGTAGTCA-4,B cell IgG-
AACGGGATCGAATCCA-4,nonclassical Monocyte
AACGTCACAACGCCCA-4,B cell IgG-
AACGTCACATCCTTGC-4,classical Monocyte
AACGTCATCACCGGTG-4,classical Monocyte
AACTTCTAGTAAACTG-4,classical Monocyte
AAGACTCCACTTACAG-4,NK cell
AAGACTCGTTAGGGAC-4,classical Monocyte
AAGATAGAGAGGCTGT-4,classical Monocyte
AAGATAGGTGGGACAT-4,classical Monocyte
AAGCATCAGGCCATAG-4,B cell IgG-
AAGCCATGTCCACTCT-4,classical Monocyte
AAGCGTTAGAACGCGT-4,classical Monocyte
AAGGAATCAAGACCTT-4,NK cell
AAGGAATGTGCGTCGT-4,B cell IgG-
AAGGTAATCGATGCAT-4,NK cell
AAGTACCAGTTCCATG-4,classical Monocyte
AAGTACCCACCAGTTA-4,CD8 non-EM-like
AAGTCGTTCCTTATAC-4,B cell IgG-
AAGTGAAAGGTCTACT-4,classical Monocyte
AAGTGAACAAGTTGGG-4,NK cell
AAGTGAAGTGTGTCCG-4,B cell IgG-
AAGTTCGAGATCCAAA-4,NK cell
AAGTTCGTCCACAGCG-4,classical Monocyte
AATAGAGCACTTCTCG-4,NK cell
AATAGAGGTTCAAAGA-4,classical Monocyte
AATCGACGTAGATCGG-4,classical Monocyte
AATCGTGCAACGGCTC-4,B cell IgG-
AATCGTGGTACCTAGT-4,intermediate Monocyte
AATCGTGGTGGGACAT-4,classical Monocyte
AATGAAGCATAACAGA-4,nonclassical Monocyte
AATGACCCAGTGTGCC-4,classical Monocyte
AATGACCTCTGAGCAT-4,nonclassical Monocyte
AATGACCTCTGCACCT-4,NK cell
AATGCCACATTCGGGC-4,classical Monocyte
AATGCCAGTCAACGCC-4,nonclassical Monocyte
AATGGCTAGGTACAGC-4,classical Monocyte
ACAAAGAAGATGACAT-4,NK cell
ACAACCATCAATCTCT-4,classical Monocyte
ACACAGTCACTTGTCC-4,CD8 non-EM-like
ACACAGTTCTATACGG-4,classical Monocyte
ACACCAAAGTATGCAA-4,classical Monocyte
ACACCAACAGTACTAC-4,classical Monocyte
ACACGCGAGGCACGAT-4,B cell IgG-
ACACGCGTCTATGTGG-4,classical Monocyte
ACACTGACATTGGCAT-4,CD4 EM-like
ACACTGAGTGAGGAAA-4,classical Monocyte
ACAGAAAAGCGAGTAC-4,B cell IgG-
ACAGAAACATTCACAG-4,NK cell
ACAGCCGCAAGATGGC-4,NK cell
ACAGCCGTCTCAGAAC-4,NK cell
ACATCCCAGCGGCTCT-4,B cell IgG-
ACATCGAAGCGGTAGT-4,NK cell
ACATCGACACCGGTCA-4,CD4 EM-like
ACATGCACAAGGCGTA-4,classical Monocyte
ACATGCAGTACTTCCC-4,B cell IgG+
ACATGCAGTGCGGCTT-4,classical Monocyte
ACATTTCCAAGGGTCA-4,B cell IgG+
ACCAACAAGTTCTACG-4,classical Monocyte
ACCAACACAGATTAAG-4,CD8 non-EM-like
ACCACAAGTGGAGAAA-4,CD8 non-EM-like
ACCCAAAAGCTTTCCC-4,NK cell
ACCCAAACACATTCGA-4,nonclassical Monocyte
ACCCAAAGTTCTAAGC-4,nonclassical Monocyte
ACCCTCAAGGGCGAAG-4,classical Monocyte
ACCCTTGAGCCTTTCC-4,classical Monocyte
ACCCTTGAGGGATGTC-4,classical Monocyte
ACCGTTCCACCCTATC-4,CD8 EM-like
ACCGTTCCACGACGTC-4,classical Monocyte
ACCGTTCTCTACACTT-4,B cell IgG-
ACCTACCGTACAAACA-4,B cell IgG-
ACCTGAAAGATGCTAA-4,B cell IgG-
ACCTGTCGTTACAGCT-4,CD8 EM-like
ACGATCAAGGCAATGC-4,NK cell
ACGATGTAGCATGGGT-4,CD8 non-EM-like
ACGATGTGTACAGTAA-4,B cell IgG-
ACGATGTGTCCTACAA-4,NK cell
ACGGGTCAGGAGAGTA-4,CD4 EM-like
ACGGTCGCACCTATCC-4,classical Monocyte
ACGGTCGTCACTGGGC-4,B cell IgG-
ACGGTTACAACGACAG-4,B cell IgG-
ACGTACAAGATAACGT-4,CD8 non-EM-like
ACGTACAAGGAGCTGT-4,CD4 non-EM-like
ACGTACAAGTGATCGG-4,B cell IgG-
ACGTAGTAGTGCAGGT-4,classical Monocyte
ACGTAGTTCCGCACGA-4,CD4 EM-like
ACGTCCTCAACACGTT-4,classical Monocyte
ACGTTCCCAACAGAGC-4,classical Monocyte
ACGTTCCGTCCCTAAA-4,NK cell
ACGTTCCGTTCATCTT-4,B cell IgG-
ACGTTCCGTTGGGACA-4,CD4 EM-like
ACGTTCCTCGGTAGGA-4,B cell IgG-
ACTACGAAGGTGTGAC-4,B cell IgG-
ACTACGACACAAGCTT-4,NK cell
ACTATCTAGGGCGAGA-4,B cell IgG-
ACTATCTCAATCTGCA-4,intermediate Monocyte
ACTATTCCAGCTCCTT-4,classical Monocyte
ACTATTCGTAAGGCTG-4,B cell IgG+
ACTCCCAAGGTGCTTT-4,classical Monocyte
ACTCCCATCGCTGCGA-4,nonclassical Monocyte
ACTCTCGAGTCATGAA-4,classical Monocyte
ACTCTCGCAGATTAAG-4,classical Monocyte
ACTGATGCATTACGGT-4,NK cell
ACTGATGGTAGCCAGA-4,classical Monocyte
ACTGATGTCATGCCGG-4,classical Monocyte
ACTGTCCTCGTGTTCC-4,NK cell
ACTGTGATCATGAGAA-4,classical Monocyte
ACTGTGATCCCTTCCC-4,CD4 non-EM-like
ACTTAGGCACAGTGTT-4,classical Monocyte
ACTTATCAGAGGATCC-4,classical Monocyte
ACTTATCCACAGCATT-4,NK cell
ACTTATCTCCGCAGTG-4,B cell IgG-
ACTTCCGAGTAAGCAT-4,classical Monocyte
ACTTCCGGTACAGAGC-4,B cell IgG-
ACTTCGCAGGTGGCTA-4,B cell IgG-
ACTTCGCCAACACAAA-4,B cell IgG+
ACTTCGCCAAGAGATT-4,NK cell
ACTTCGCCATTAAAGG-4,CD8 non-EM-like
ACTTCGCGTATCCCAA-4,NK cell
ACTTTGTCAGCCCAGT-4,classical Monocyte
ACTTTGTTCTACACTT-4,classical Monocyte
AGAACCTGTGAGAGGG-4,classical Monocyte
AGAACCTTCTAGAGCT-4,NK cell
AGAAGTATCGCCTAGG-4,classical Monocyte
AGACAAAAGATGCTGG-4,NK cell
AGACAAAGTCCAGCCA-4,B cell IgG+
AGACACTTCGTCGACG-4,classical Monocyte
AGACAGGTCTATGTGG-4,classical Monocyte
AGACCATAGGAGGGTG-4,CD8 non-EM-like
AGACCATCACCATATG-4,classical Monocyte
AGACCATCAGCGACCT-4,classical Monocyte
AGACCATTCGACGCGT-4,classical Monocyte
AGACTCATCGAGGCAA-4,classical Monocyte
AGAGAATCAGAAGCTG-4,CD8 non-EM-like
AGAGAATGTATGTCAC-4,classical Monocyte
AGAGAGCCAGCTACCG-4,NK cell
AGAGAGCTCAAACGAA-4,classical Monocyte
AGAGCAGGTGTGGTCC-4,B cell IgG-
AGAGCAGTCCCGTAAA-4,B cell IgG-
AGAGCCCAGATAGTGT-4,B cell IgG+
AGAGCCCCACAAATAG-4,NK cell
AGAGCCCTCTCCGATC-4,classical Monocyte
AGATAGAAGATGGCGT-4,classical Monocyte
AGATAGAGTACTCGAT-4,NK cell
AGATCCATCCTCACCA-4,NK cell
AGATCGTAGCATATGA-4,classical Monocyte
AGATCGTTCCATGATG-4,nonclassical Monocyte
AGATGAAAGCGTACAG-4,CD4 non-EM-like
AGATGCTTCGTTACCC-4,classical Monocyte
AGCCAATCACAAAGTA-4,B cell IgG-
AGCCAATTCACTACGA-4,B cell IgG-
AGCCACGGTAACATCC-4,NK cell
AGCCACGGTTAATGAG-4,CD8 EM-like
AGCCAGCCACCGTGCA-4,B cell IgG-
AGCCAGCCACTGAATC-4,B cell IgG-
AGCCAGCTCAAACGTC-4,classical Monocyte
AGCGATTAGCGACCCT-4,NK cell
AGCGATTAGGGTGAAA-4,CD8 EM-like
AGCGCCAGTGATGTAA-4,classical Monocyte
AGCGTATAGGTTGGTG-4,B cell IgG-
AGCGTATGTCCAAAGG-4,classical Monocyte
AGCGTCGTCTCTGCTG-4,B cell IgG-
AGCTACATCGTTCATT-4,NK cell
AGCTTCCGTGGATGAC-4,classical Monocyte
AGGAAATTCAAAGGTA-4,CD8 non-EM-like
AGGAATAAGCTAAGTA-4,CD4 EM-like
AGGACGAAGCCTGCCA-4,CD8 non-EM-like
AGGACTTAGACATCAA-4,classical Monocyte
AGGACTTAGGTCTGGA-4,B cell IgG+
AGGACTTCAACGTATC-4,CD8 non-EM-like
AGGACTTCATGGAATA-4,B cell IgG-
AGGAGGTAGCCTGTGC-4,classical Monocyte
AGGAGGTAGGCTATCT-4,NK cell
AGGATAACAGCTATAC-4,B cell IgG-
AGGATCTCACTGCTTC-4,CD4 EM-like
AGGATCTGTATCGCGC-4,B cell IgG-
AGGATCTTCCTATTTG-4,CD4 non-EM-like
AGGCATTCATGAAAGT-4,NK cell
AGGCATTGTTGCGGAA-4,classical Monocyte
AGGCATTTCAACCTTT-4,NK cell
AGGCTGCCAGCTTCCT-4,CD4 EM-like
AGGCTGCTCGGTTAGT-4,classical Monocyte
AGGCTGCTCTCAACCC-4,classical Monocyte
AGGGAGTGTGGTCTCG-4,NK cell
AGGGCTCCAGAGCCCT-4,B cell IgG-
AGGGCTCGTTCCACGG-4,classical Monocyte
AGGGCTCGTTGATGTC-4,classical Monocyte
AGGGCTCTCGCGTAGC-4,B cell IgG-
AGGGTGATCCAGCCTT-4,NK cell
AGGGTTTCACAAGTTC-4,classical Monocyte
AGGTAGGTCGGTAACT-4,classical Monocyte
AGGTCTACAACCGTAT-4,CD8 non-EM-like
AGGTCTAGTGTTGATC-4,classical Monocyte
AGGTCTATCACGAGGA-4,classical Monocyte
AGGTTACTCTATACGG-4,CD8 non-EM-like
AGGTTACTCTGAACGT-4,CD8 non-EM-like
AGGTTGTGTATGACAA-4,B cell IgG-
AGTAACCAGTGTTGAA-4,B cell IgG-
AGTAACCCACCGTACG-4,B cell IgG+
AGTAACCTCGCAGATT-4,classical Monocyte
AGTAGCTAGCGTGTCC-4,DC
AGTAGTCAGAGTGACC-4,NK cell
AGTAGTCCAAGCGCTC-4,intermediate Monocyte
AGTCACAAGACAAGCC-4,classical Monocyte
AGTCACACATCATTTC-4,classical Monocyte
AGTCACAGTCATACCA-4,CD8 non-EM-like
AGTCATGGTACTGAGG-4,classical Monocyte
AGTGACTAGTAGATCA-4,B cell IgG+
AGTGATCTCTCGTCAC-4,NK cell
AGTGCCGTCACGAACT-4,B cell IgG-
AGTGCCGTCCGATGCG-4,classical Monocyte
AGTTAGCAGATGCAGC-4,classical Monocyte
AGTTCCCAGCCGGATA-4,classical Monocyte
AGTTCCCGTATCACGT-4,B cell IgG-
ATACCTTAGGATCATA-4,CD8 non-EM-like
ATACTTCAGGTTCATC-4,CD8 EM-like
ATACTTCCAGAACATA-4,NK cell
ATAGACCCACTCCGGA-4,B cell IgG-
ATAGAGAAGACGCTCC-4,CD4 non-EM-like
ATAGGCTAGAGCACTG-4,nonclassical Monocyte
ATAGGCTGTCCAACGC-4,classical Monocyte
ATCACAGAGGTGCGAT-4,CD8 EM-like
ATCACAGTCTCCTGAC-4,classical Monocyte
ATCACGACAAATGGTA-4,DC
ATCACGATCATACAGC-4,B cell IgG-
ATCACTTTCATCGCAA-4,NK cell
ATCAGGTGTTAGGGTG-4,classical Monocyte
ATCATTCGTAACAAGT-4,B cell IgG+
ATCATTCGTGGAGGTT-4,classical Monocyte
ATCCATTGTATACAGA-4,classical Monocyte
ATCCATTGTCTCAGGC-4,classical Monocyte
ATCCCTGGTTCAGGTT-4,NK cell
ATCCGTCAGTAACCGG-4,classical Monocyte
ATCCGTCTCCCTCGAT-4,CD4 EM-like
ATCCTATCAGATGCGA-4,NK cell
ATCCTATTCGCGTTTC-4,B cell IgG+
ATCCTATTCTGGTGCG-4,classical Monocyte
ATCGATGTCGCATAGT-4,classical Monocyte
ATCGCCTAGCTCAGAG-4,classical Monocyte
ATCGCCTGTACAATAG-4,B cell IgG+
ATCGGCGAGCCGATAG-4,classical Monocyte
ATCGGCGCAAGGCGTA-4,classical Monocyte
ATCGTAGGTACGTAGG-4,classical Monocyte
ATCGTAGGTTCTTCAT-4,classical Monocyte
ATCGTGACACAAATGA-4,B cell IgG-
ATCTTCACAGGGTCTC-4,CD8 EM-like
ATCTTCAGTATTTCGG-4,CD8 non-EM-like
ATCTTCAGTTGTTGCA-4,classical Monocyte
ATGAAAGTCCAGTTCC-4,NK cell
ATGACCACAGCTGTCG-4,classical Monocyte
ATGAGTCGTCGAATTC-4,CD8 non-EM-like
ATGAGTCGTTTGGCTA-4,CD4 non-EM-like
ATGCGATCAGGTCTCG-4,NK cell
ATGGATCGTCGAGCAA-4,B cell IgG-
ATGGATCTCCGCTAGG-4,DC
ATGGGAGAGTTACGGG-4,classical Monocyte
ATGGGAGTCATAAGGA-4,NK cell
ATGGTTGCATCCGCGA-4,classical Monocyte
ATGGTTGTCCTCCACA-4,CD8 non-EM-like
ATGTCTTCACACCGCA-4,classical Monocyte
ATTCACTCATCAACCA-4,classical Monocyte
ATTCACTGTCGATGCC-4,classical Monocyte
ATTCACTTCACGTCCT-4,classical Monocyte
ATTCACTTCTCTCGAC-4,B cell IgG+
ATTCAGGAGCTATCTG-4,classical Monocyte
ATTCAGGCACGCGTGT-4,classical Monocyte
ATTCATCTCTTTGGAG-4,classical Monocyte
ATTCCATAGCAACTTC-4,classical Monocyte
ATTCCATTCCTAGCGG-4,B cell IgG+
ATTCCCGAGGGATCAC-4,CD8 non-EM-like
ATTCCCGCACAAGCAG-4,classical Monocyte
ATTCCCGGTTCGTAAC-4,classical Monocyte
ATTCGTTAGTGGTTAA-4,nonclassical Monocyte
ATTCGTTCACATGAAA-4,classical Monocyte
ATTCGTTCACCGTCTT-4,CD8 EM-like
ATTCGTTCATCGTGCG-4,classical Monocyte
ATTCGTTGTTGCCAAT-4,CD8 EM-like
ATTCTACAGAAACTCA-4,CD8 non-EM-like
ATTCTACAGCATCCCG-4,CD8 non-EM-like
ATTGGGTAGGTAAGGA-4,classical Monocyte
ATTGGGTGTCGAACGA-4,classical Monocyte
ATTGGGTTCCTCTCGA-4,classical Monocyte
ATTGTTCAGCGTATGG-4,classical Monocyte
ATTGTTCCAAATTGCC-4,CD4 non-EM-like
ATTTACCGTTAGCGGA-4,classical Monocyte
ATTTCACCAGTCTACA-4,nonclassical Monocyte
ATTTCACGTCCAACGC-4,NK cell
CAAAGAACACGACGCT-4,NK cell
CAAAGAACAGGATGAC-4,B cell IgG-
CAAAGAATCATAGCAC-4,CD8 non-EM-like
CAACAACGTACAAACA-4,classical Monocyte
CAACAACGTGGCTTAT-4,CD8 non-EM-like
CAACAGTGTTATAGCC-4,classical Monocyte
CAACAGTTCCCAGCGA-4,NK cell
CAACCAACAATGGGTG-4,classical Monocyte
CAACCAAGTACGGTTT-4,CD4 EM-like
CAACGGCCATCGTGGC-4,classical Monocyte
CAACGGCTCTGAGAGG-4,classical Monocyte
CAAGACTGTGCCTGCA-4,classical Monocyte
CAAGAGGAGCCTCAGC-4,DC
CAAGAGGTCGGTAACT-4,classical Monocyte
CAAGCTAAGAGATCGC-4,classical Monocyte
CAAGGGATCTCCGTGT-4,classical Monocyte
CAATCGACACAGAAGC-4,classical Monocyte
CAATGACAGACCTGGA-4,B cell IgG-
CAATGACGTGAGTGAC-4,classical Monocyte
CAATGACGTTGTGGAG-4,NK cell
CAATTTCAGATCACTC-4,B cell IgG-
CAATTTCAGCTCCATA-4,classical Monocyte
CAATTTCCATCTATCT-4,DC
CACAACACAATCACGT-4,classical Monocyte
CACACAAAGGAATTAC-4,classical Monocyte
CACAGATGTAAGATAC-4,classical Monocyte
CACAGGCGTTCTCCCA-4,CD4 EM-like
CACATGACAGGGATAC-4,classical Monocyte
CACATGAGTGTGTACT-4,classical Monocyte
CACCAAAAGCGTTCAT-4,classical Monocyte
CACCGTTCAACTCATG-4,DC
CACCGTTTCCTTCTTC-4,CD8 EM-like
CACGGGTAGCATACTC-4,classical Monocyte
CACGGGTCAACGACAG-4,intermediate Monocyte
CACGGGTGTGTTCGAT-4,B cell IgG+
CACGTGGCAATGAAAC-4,CD8 non-EM-like
CACTAAGCATGATAGA-4,NK cell
CACTAAGGTCTCAGGC-4,NK cell
CACTGAATCCGTGACG-4,classical Monocyte
CACTGGGGTAGCGTCC-4,intermediate Monocyte
CACTTCGGTACACGTT-4,B cell IgG+
CACTTCGGTGTGACCC-4,classical Monocyte
CAGAGCCAGAAACACT-4,classical Monocyte
CAGAGCCAGTCGTTAC-4,classical Monocyte
CAGATACAGATAGTGT-4,B cell IgG+
CAGATCACAACAGTGG-4,B cell IgG-
CAGATCAGTCCGGATC-4,nonclassical Monocyte
CAGATTGAGGGTAGCT-4,nonclassical Monocyte
CAGATTGCACAAACGG-4,CD8 non-EM-like
CAGATTGCATGACAAA-4,classical Monocyte
CAGCAATAGACCTTTG-4,CD8 EM-like
CAGCAATAGCACTCTA-4,classical Monocyte
CAGCAATCATAACTCG-4,B cell IgG-
CAGCACGCAGCAGATG-4,NK cell
CAGCAGCTCGCGTTTC-4,B cell IgG-
CAGCCAGTCTATTCGT-4,classical Monocyte
CAGCGTGTCGCAATGT-4,B cell IgG-
CAGGCCATCTACACTT-4,CD4 EM-like
CAGGGCTAGCTCTTCC-4,B cell IgG+
CAGGGCTTCGGTTCAA-4,classical Monocyte
CAGGTATCAATAGTAG-4,B cell IgG+
CAGTGCGGTACGACTT-4,CD4 EM-like
CAGTGCGTCAGCTGAT-4,B cell IgG+
CAGTGCGTCCGAGGCT-4,B cell IgG-
CAGTGCGTCCTATGGA-4,classical Monocyte
CAGTTAGGTATAGGAT-4,classical Monocyte
CATAAGCCAAGTCGTT-4,intermediate Monocyte
CATACAGGTTGCGGCT-4,classical Monocyte
CATACAGTCTGCGGGT-4,NK cell
CATACCCTCTGAGATC-4,CD8 non-EM-like
CATAGACTCTACTCAT-4,classical Monocyte
CATCAAGAGAGAGCGG-4,CD4 EM-like
CATCAAGAGGCGTTAG-4,B cell IgG+
CATCAAGCATGACGGA-4,classical Monocyte
CATCAAGTCAATCGGT-4,classical Monocyte
CATCCACGTAAGTAGT-4,classical Monocyte
CATCCCACAAGTCGTT-4,classical Monocyte
CATCCGTAGACGACGT-4,B cell IgG+
CATCCGTAGCTACAAA-4,classical Monocyte
CATCCGTCAGTCGGAA-4,classical Monocyte
CATCGCTCACGTCGGT-4,classical Monocyte
CATCGCTTCTGGTGCG-4,classical Monocyte
CATCGGGGTTATGTGC-4,classical Monocyte
CATGCAACACCTCAGG-4,B cell IgG-
CATGCAATCCAATCCC-4,nonclassical Monocyte
CATGCGGAGTCAAGCG-4,CD4 non-EM-like
CATGCGGTCGACGAGA-4,NK cell
CATGCGGTCGCGGACT-4,classical Monocyte
CATGCTCGTAGTATAG-4,classical Monocyte
CATGGATGTGTGAATA-4,NK cell
CATGGATTCCTCTGCA-4,B cell IgG-
CATGGATTCGAGGCAA-4,CD4 EM-like
CATGGTAAGTATAACG-4,CD8 EM-like
CATGGTAGTTGCGGCT-4,classical Monocyte
CATTCATAGTGCCTCG-4,NK cell
CATTCATGTCATCTAG-4,classical Monocyte
CATTCCGAGCCTCTCT-4,classical Monocyte
CATTCTACATACTTTC-4,B cell IgG+
CATTCTAGTCTCACAA-4,classical Monocyte
CATTGAGTCGCTTAAG-4,B cell IgG-
CATTGCCTCCTACGAA-4,classical Monocyte
CATTGTTCAGCGGTCT-4,NK cell
CCAATGACACAAACGG-4,classical Monocyte
CCAATTTCATAGACTC-4,NK cell
CCAATTTTCGGTATGT-4,classical Monocyte
CCACAAATCGACGAGA-4,classical Monocyte
CCACACTAGAAGTCTA-4,classical Monocyte
CCACACTCAAGTCATC-4,classical Monocyte
CCACACTTCGCGAAGA-4,NK cell
CCACACTTCTAACGGT-4,classical Monocyte
CCACGAGGTATAATGG-4,classical Monocyte
CCATCACCAAACGTGG-4,CD4 non-EM-like
CCCAACTTCATCACCC-4,CD4 EM-like
CCCATTGGTATCGAGG-4,classical Monocyte
CCCATTGTCGGAGTGA-4,B cell IgG-
CCCGAAGTCAGTCAGT-4,B cell IgG-
CCCGAAGTCATTGGTG-4,classical Monocyte
CCCGGAAGTCCACTTC-4,classical Monocyte
CCCGGAATCCATTCGC-4,classical Monocyte
CCCTAACAGGAGCAAA-4,CD8 non-EM-like
CCCTAACGTTGACTGT-4,classical Monocyte
CCCTGATCAGCGGATA-4,classical Monocyte
CCCTGATCATCGGAGA-4,classical Monocyte
CCCTGATGTTTGGAAA-4,CD4 EM-like
CCCTTAGTCCTAGCCT-4,CD4 EM-like
CCGATGGGTCGCCTAG-4,classical Monocyte
CCGATGGTCGCGCCAA-4,classical Monocyte
CCGCAAGGTGCGAGTA-4,classical Monocyte
CCGGGTAGTGTTTACG-4,NK cell
CCGGGTATCTCATTAC-4,B cell IgG-
CCGGTAGAGATGGGCT-4,CD4 non-EM-like
CCGGTAGAGATTCGAA-4,CD8 EM-like
CCGTAGGTCCATTCGC-4,classical Monocyte
CCGTGAGCATCATCTT-4,CD4 EM-like
CCTAAGATCCCGAGAC-4,B cell IgG-
CCTACGTAGTTCTACG-4,NK cell
CCTACGTTCTATCCAT-4,CD8 non-EM-like
CCTATCGAGTATAGAC-4,classical Monocyte
CCTATCGAGTCAGCGA-4,classical Monocyte
CCTATCGGTTATTCTC-4,B cell IgG+
CCTCAACTCTTACCAT-4,classical Monocyte
CCTCACAAGTAGTCTC-4,B cell IgG-
CCTCAGTAGGATTTAG-4,classical Monocyte
CCTCAGTGTTCAGGTT-4,classical Monocyte
CCTCATGAGACATAGT-4,B cell IgG+
CCTCCAAAGACAACTA-4,classical Monocyte
CCTCCAAGTCAAGCCC-4,NK cell
CCTCCAATCTCTTCAA-4,classical Monocyte
CCTCCTCCAGTCAGTT-4,CD4 EM-like
CCTCCTCGTATGCTTG-4,CD8 EM-like
CCTCTAGCACGGCTAC-4,classical Monocyte
CCTCTAGTCCGAACGC-4,NK cell
CCTCTAGTCGACCCAG-4,classical Monocyte
CCTCTCCCACTTGTCC-4,NK cell
CCTCTCCTCATGCATG-4,classical Monocyte
CCTGCATTCAGCTTCC-4,CD4 EM-like
CCTGTTGTCCACAAGT-4,CD8 non-EM-like
CCTTCAGAGGTGCCTC-4,classical Monocyte
CCTTCAGGTCCAGCCA-4,classical Monocyte
CCTTGTGAGGAAGAAC-4,classical Monocyte
CCTTGTGCATGACGAG-4,classical Monocyte
CGAAGGAAGGTAAGTT-4,CD8 non-EM-like
CGAAGGAGTGTCTTAG-4,CD4 EM-like
CGAAGTTTCTCGTGGG-4,classical Monocyte
CGACAGCGTGAGTTTC-4,NK cell
CGAGAAGAGTTGGGAC-4,classical Monocyte
CGAGAAGCAGAATTCC-4,B cell IgG-
CGAGAAGCAGCGGTTC-4,classical Monocyte
CGAGAAGTCCAGTGCG-4,B cell IgG-
CGAGGCTAGTCTGCGC-4,classical Monocyte
CGAGGCTGTATCACGT-4,CD8 EM-like
CGAGTTAGTCTTAGTG-4,CD4 EM-like
CGAGTTATCATCCTGC-4,classical Monocyte
CGATCGGCAAGTGCTT-4,classical Monocyte
CGATCGGTCGTGGGAA-4,CD4 EM-like
CGATGGCAGACTACGG-4,NK cell
CGATGGCCATAGGTTC-4,classical Monocyte
CGATGGCGTGCATGTT-4,classical Monocyte
CGATGGCGTGTTGACT-4,NK cell
CGCAGGTCAAGCCATT-4,classical Monocyte
CGCATAAAGCAAACAT-4,classical Monocyte
CGCATAAAGGTTGGTG-4,nonclassical Monocyte
CGCATAATCTCAGGCG-4,classical Monocyte
CGCATGGAGCATCAAA-4,B cell IgG+
CGCCAGAAGCCAACCC-4,classical Monocyte
CGCCAGAGTTGTCAGT-4,classical Monocyte
CGGAACCGTATTCCTT-4,classical Monocyte
CGGAATTGTAGGACCA-4,B cell IgG+
CGGACACCAGTGACCC-4,CD4 non-EM-like
CGGAGAAAGCTCTGTA-4,classical Monocyte
CGGAGAACATTGGGAG-4,B cell IgG-
CGGAGAAGTGTGTGGA-4,B cell IgG-
CGGCAGTAGGAAGTGA-4,B cell IgG+
CGGGACTAGACTCTTG-4,classical Monocyte
CGGGCATGTTAAGGAT-4,CD8 EM-like
CGGGTCAAGAATCGTA-4,NK cell
CGGGTCAGTGAGTTGG-4,classical Monocyte
CGGGTCATCTCTTGCG-4,classical Monocyte
CGGTCAGAGCAGTAAT-4,NK cell
CGGTCAGTCTGGGAGA-4,B cell IgG-
CGTCCATCACCGAATT-4,CD4 EM-like
CGTGAATAGGAACTAT-4,NK cell
CGTGAATGTCCTACAA-4,nonclassical Monocyte
CGTGCTTCACAAGCAG-4,classical Monocyte
CGTGTCTCAAGAGATT-4,classical Monocyte
CGTGTCTGTGAGCGAT-4,nonclassical Monocyte
CGTTAGACATGCGGTC-4,classical Monocyte
CGTTGGGAGAGTCCGA-4,classical Monocyte
CGTTGGGAGGCATTTC-4,NK cell
CTAACCCTCACGGACC-4,CD8 EM-like
CTAACCCTCTATTTCG-4,CD4 non-EM-like
CTAACTTCAGCAATTC-4,B cell IgG+
CTAACTTGTGGCAGAT-4,B cell IgG-
CTACAGACATTACGGT-4,classical Monocyte
CTACATTTCGTTACCC-4,classical Monocyte
CTACCCACAAGACCGA-4,B cell IgG-
CTACCCAGTCATCTAG-4,nonclassical Monocyte
CTACCCATCGTTCAGA-4,NK cell
CTACCTGCAAGCCTGC-4,B cell IgG-
CTACCTGCAGAGGCTA-4,CD4 EM-like
CTACCTGTCCAATCTT-4,CD8 non-EM-like
CTACGGGAGCTGCCAC-4,classical Monocyte
CTACGGGAGGCCTAGA-4,CD4 EM-like
CTACGGGCACATACGT-4,B cell IgG-
CTACTATAGGAATGTT-4,nonclassical Monocyte
CTAGGTATCTATCGGA-4,classical Monocyte
CTATCCGCATAACAGA-4,CD4 EM-like
CTATCTAAGGATGAGA-4,classical Monocyte
CTATCTACATAGGAGC-4,B cell IgG-
CTATCTATCTTGGGCG-4,classical Monocyte
CTCAACCAGCTAAATG-4,classical Monocyte
CTCAACCTCATCGCTC-4,classical Monocyte
CTCAACCTCGTCGACG-4,classical Monocyte
CTCAAGAGTCTCGACG-4,nonclassical Monocyte
CTCAAGAGTCTGTAGT-4,classical Monocyte
CTCAAGATCCGATGCG-4,classical Monocyte
CTCAATTAGCCTGTGC-4,B cell IgG-
CTCACTGTCTTGAACG-4,classical Monocyte
CTCAGAATCACTCACC-4,classical Monocyte
CTCAGGGAGTGCAGGT-4,B cell IgG+
CTCAGGGAGTGTGTTC-4,classical Monocyte
CTCAGGGGTAGCGAGT-4,NK cell
CTCATCGAGAGATGCC-4,classical Monocyte
CTCATCGAGCTGTACT-4,classical Monocyte
CTCATGCAGCGTGAGT-4,classical Monocyte
CTCATGCTCACGTCCT-4,B cell IgG+
CTCATTAGTTGTTGAC-4,classical Monocyte
CTCCAACTCGCTAATG-4,NK cell
CTCCACAGTTTCGTTT-4,NK cell
CTCCACATCATGAGTC-4,CD8 EM-like
CTCCACATCCATGCAA-4,B cell IgG+
CTCCCTCAGAAACTGT-4,classical Monocyte
CTCCCTCGTACGGATG-4,B cell IgG+
CTCCCTCGTAGCTTTG-4,classical Monocyte
CTCCCTCTCTGAGCAT-4,CD4 EM-like
CTCCGATAGCTTGTTG-4,NK cell
CTCCGATGTAGGAGGG-4,B cell IgG+
CTCCTTTAGAATAGTC-4,classical Monocyte
CTCCTTTCATGGAGAC-4,classical Monocyte
CTCGAGGGTAGAAACT-4,classical Monocyte
CTCTCAGGTACCAATC-4,classical Monocyte
CTCTCGACATGACTCA-4,classical Monocyte
CTCTCGAGTCGAGTTT-4,classical Monocyte
CTGAATGAGAAATGGG-4,CD4 EM-like
CTGAGCGAGCTTGTGT-4,B cell IgG-
CTGAGCGCACGTGTGC-4,CD8 non-EM-like
CTGAGCGGTGATATAG-4,B cell IgG-
CTGAGGCCATCGGAAG-4,classical Monocyte
CTGCAGGAGTAGGTTA-4,classical Monocyte
CTGCAGGCACGTAACT-4,B cell IgG-
CTGCAGGCACTTGGGC-4,classical Monocyte
CTGCCATAGCACCGTC-4,NK cell
CTGCCATTCGTGCACG-4,nonclassical Monocyte
CTGCGAGAGGTCGTGA-4,B cell IgG-
CTGCTCAGTGGGCTCT-4,CD4 EM-like
CTGGACGAGTGGGAAA-4,classical Monocyte
CTGGACGCAGCACACC-4,CD8 non-EM-like
CTGGTCTCAGTCCGTG-4,classical Monocyte
CTGGTCTGTTATTCTC-4,classical Monocyte
CTGTACCCAAGCGCTC-4,B cell IgG-
CTGTAGAAGCGACTAG-4,CD8 non-EM-like
CTGTAGATCAGCTTGA-4,CD4 non-EM-like
CTGTATTCAAGCCATT-4,classical Monocyte
CTGTCGTAGTAATACG-4,classical Monocyte
CTGTCGTGTGACACGA-4,classical Monocyte
CTGTGAAGTGAGACCA-4,classical Monocyte
CTGTGAAGTTGATGTC-4,CD4 EM-like
CTGTGAATCAAACGTC-4,classical Monocyte
CTGTGGGGTCCAAATC-4,B cell IgG+
CTGTGGGGTGTGGACA-4,CD8 non-EM-like
CTTACCGCAGCTCGGT-4,CD4 EM-like
CTTAGGACATACCATG-4,classical Monocyte
CTTAGGATCTTGCAAG-4,NK cell
CTTCCGACAGACACCC-4,B cell IgG-
CTTCCGAGTACTGCCG-4,classical Monocyte
CTTCCGATCAGGAAAT-4,CD4 EM-like
CTTCGGTAGTCAGCGA-4,CD4 EM-like
CTTCTAAAGCTGTTCA-4,B cell IgG-
CTTCTCTAGGTCCGAA-4,B cell IgG-
CTTCTCTCAGAACGCA-4,CD8 non-EM-like
CTTCTCTTCAACCCGG-4,classical Monocyte
CTTGATTAGCGGTAAC-4,classical Monocyte
CTTGATTCAGGTGAGT-4,NK cell
CTTGATTGTCTTACTT-4,B cell IgG+
CTTGATTTCATTGAGC-4,NK cell
CTTTCAAAGACGTCCC-4,B cell IgG-
CTTTCAAAGGAAAGGT-4,B cell IgG+
CTTTCGGCATCGCTGG-4,B cell IgG-
CTTTCGGGTTGTTGAC-4,classical Monocyte
GAAACCTGTACAAGTA-4,NK cell
GAAATGATCCTGTAAG-4,CD8 EM-like
GAACACTCAAGCTGTT-4,classical Monocyte
GAACACTTCCACGTCT-4,classical Monocyte
GAACGTTAGAAGGGAT-4,CD4 EM-like
GAACGTTTCTATCGCC-4,classical Monocyte
GAAGCCCTCGAACTCA-4,classical Monocyte
GAAGGGTAGACTCATC-4,CD4 non-EM-like
GAAGGGTGTGGCACTC-4,B cell IgG-
GAAGGGTTCGCCTATC-4,B cell IgG+
GAATAGACACAATCTG-4,classical Monocyte
GAATAGACAGACAAAT-4,classical Monocyte
GAATAGACAGTAACAA-4,NK cell
GAATAGAGTATGGAAT-4,B cell IgG+
GAATAGATCGTGCACG-4,NK cell
GAATCACTCGTAGCCG-4,CD4 non-EM-like
GAATCGTAGGCTCAAG-4,classical Monocyte
GAATCGTTCACCACAA-4,CD4 EM-like
GAATCGTTCTGCCTCA-4,classical Monocyte
GACAGCCAGAGACAAG-4,B cell IgG+
GACATCAAGTTCACTG-4,B cell IgG-
GACATCAGTTCAAACC-4,classical Monocyte
GACATCATCAATCGGT-4,B cell IgG-
GACCAATGTAGTCCTA-4,NK cell
GACCAATTCTGCATGA-4,CD4 EM-like
GACCCAGAGCTGTTCA-4,classical Monocyte
GACCCAGTCTGCGGAC-4,NK cell
GACCCTTGTAGCTCGC-4,classical Monocyte
GACCGTGAGTCTTCGA-4,classical Monocyte
GACCTTCGTCGTTCAA-4,classical Monocyte
GACCTTCGTTCGTTCC-4,NK cell
GACGCTGAGCCGCACT-4,B cell IgG-
GACGCTGCACGAAGAC-4,NK cell
GACGTTAAGCTGACTT-4,CD8 EM-like
GACGTTAGTTCTAAGC-4,classical Monocyte
GACTATGCACCTATCC-4,classical Monocyte
GACTCAATCATCACAG-4,classical Monocyte
GACTCAATCTGCGAGC-4,classical Monocyte
GACTGATAGCTCTGTA-4,classical Monocyte
GAGAAATAGCGAGTAC-4,B cell IgG+
GAGAAATCAACAACAA-4,NK cell
GAGAAATGTGTGACCC-4,classical Monocyte
GAGAAATGTTAAAGTG-4,classical Monocyte
GAGACCCAGGAAGTCC-4,classical Monocyte
GAGACCCCAGAGAAAG-4,CD4 EM-like
GAGACCCGTCGGTGTC-4,classical Monocyte
GAGACCCTCCACGGAC-4,CD8 EM-like
GAGACTTAGCGTTCCG-4,NK cell
GAGACTTAGGCCTGAA-4,CD4 EM-like
GAGACTTTCTCTTCAA-4,NK cell
GAGAGGTAGCCTCTCT-4,classical Monocyte
GAGAGGTTCGCGTAGC-4,B cell IgG-
GAGATGGAGGTCACAG-4,classical Monocyte
GAGATGGTCATTTCCA-4,classical Monocyte
GAGGCAAAGGCTTAGG-4,NK cell
GAGGCAACAACCGACC-4,classical Monocyte
GAGGCAACAGACAAAT-4,B cell IgG-
GAGGCAATCGGAGCAA-4,NK cell
GAGGCAATCGTCGGGT-4,nonclassical Monocyte
GAGGCCTCAGGTCAAG-4,classical Monocyte
GAGGGATAGTAAGACT-4,NK cell
GAGGGATCAAATCAGA-4,classical Monocyte
GAGGGATTCATGGGAG-4,NK cell
GAGGGATTCCCGTTGT-4,CD8 EM-like
GAGGGTAAGCCGATAG-4,classical Monocyte
GAGTCATGTAGAGACC-4,classical Monocyte
GAGTCTAAGTTCCTGA-4,NK cell
GAGTCTACAAATGGCG-4,CD4 EM-like
GAGTGAGTCAGACCGC-4,B cell IgG-
GAGTGTTCAGAGCGTA-4,NK cell
GAGTGTTTCACCACAA-4,CD4 EM-like
GAGTTACCAATTGAGA-4,B cell IgG-
GAGTTACGTCTTCCGT-4,classical Monocyte
GATAGAAAGAGGGTGG-4,NK cell
GATAGAATCAGGCGAA-4,B cell IgG-
GATCAGTAGTCCCTAA-4,classical Monocyte
GATCATGCATGTTACG-4,classical Monocyte
GATCATGGTAACTTCG-4,classical Monocyte
GATCATGGTGGGTTGA-4,classical Monocyte
GATCATGTCCGGGACT-4,classical Monocyte
GATCATGTCTGCGATA-4,classical Monocyte
GATCCCTAGTCACTGT-4,B cell IgG-
GATCGTATCAAGCGTT-4,classical Monocyte
GATGACTTCACTTGTT-4,intermediate Monocyte
GATGAGGCAAAGGAGA-4,classical Monocyte
GATGAGGGTTTCGTTT-4,classical Monocyte
GATGATCTCGTCGGGT-4,B cell IgG-
GATGCTAGTCGCTTAA-4,classical Monocyte
GATGGAGCAATTGCAC-4,classical Monocyte
GATGGAGCACAGAGAC-4,classical Monocyte
GATGTTGAGACGTCGA-4,classical Monocyte
GATGTTGTCCCGATCT-4,B cell IgG-
GATTCTTCAAGTGCTT-4,B cell IgG-
GATTCTTCACCAGTTA-4,B cell IgG-
GATTCTTTCTTCCCAG-4,classical Monocyte
GATTGGTAGCTAAATG-4,CD4 EM-like
GATTGGTAGTCAGCCC-4,classical Monocyte
GCAACATCACGTAACT-4,classical Monocyte
GCAACATTCTCAGAAC-4,NK cell
GCACATAAGGACTGGT-4,classical Monocyte
GCACATAGTAAGGTCG-4,classical Monocyte
GCACATAGTATCGTAC-4,classical Monocyte
GCACGGTAGACTGGGT-4,CD4 non-EM-like
GCACGGTCAATACCCA-4,NK cell
GCAGCCAGTACGAGCA-4,CD4 EM-like
GCAGCCATCAGAGTTC-4,NK cell
GCAGCTGAGGAGATAG-4,classical Monocyte
GCAGGCTAGTCCGCGT-4,NK cell
GCATCGGGTCACCGAC-4,B cell IgG-
GCATCTCCAGGCCCTA-4,CD8 non-EM-like
GCATCTCGTGCCCTTT-4,CD8 EM-like
GCATTAGTCCTACACC-4,nonclassical Monocyte
GCCAGCAAGGGATCGT-4,classical Monocyte
GCCAGCATCTCATAGG-4,B cell IgG+
GCCAGTGCATGTTACG-4,classical Monocyte
GCCAGTGTCAGAGCGA-4,nonclassical Monocyte
GCCATGGCACAGCCTG-4,DC
GCCATGGCACTAACGT-4,NK cell
GCCATGGCAGAGACTG-4,NK cell
GCCATGGCATCTCAAG-4,B cell IgG-
GCCATGGTCGTAGCCG-4,NK cell
GCCCAGAAGATGCTTC-4,CD4 EM-like
GCCCAGACACGCTGAC-4,classical Monocyte
GCCGATGTCAACACCA-4,classical Monocyte
GCGATCGGTGGACCTC-4,classical Monocyte
GCGGAAACACTCAAGT-4,DC
GCGGATCGTGCTGTCG-4,NK cell
GCGGATCTCCCTCGAT-4,NK cell
GCGGATCTCTATCGTT-4,classical Monocyte
GCGTGCAAGATTGTGA-4,NK cell
GCGTTTCAGCACTCTA-4,classical Monocyte
GCTACAATCGTTCCCA-4,classical Monocyte
GCTACCTAGGGATCTG-4,classical Monocyte
GCTCAAAGTATTTCCT-4,NK cell
GCTCAAAGTGTCTAAC-4,CD8 non-EM-like
GCTGAATTCGGAAGGT-4,B cell IgG+
GCTGAATTCTACTGAG-4,CD8 non-EM-like
GCTGCAGGTCATGACT-4,classical Monocyte
GCTGGGTCACATAGCT-4,B cell IgG-
GCTTCACCAGTCGTTA-4,NK cell
GCTTGGGCACCAGTAT-4,NK cell
GCTTTCGAGAATACAC-4,classical Monocyte
GCTTTCGGTCACGACC-4,CD8 non-EM-like
GCTTTCGTCAAGCCTA-4,CD8 EM-like
GGAACCCTCCTTATAC-4,classical Monocyte
GGAAGTGTCACTGGTA-4,classical Monocyte
GGAATCTAGAGCATTA-4,B cell IgG-
GGAATCTAGCTTAAGA-4,nonclassical Monocyte
GGAATCTAGTCATTGC-4,classical Monocyte
GGAATGGGTGCCAAGA-4,B cell IgG-
GGAATGGTCTGGGTCG-4,classical Monocyte
GGACGTCAGACCGCCT-4,classical Monocyte
GGAGAACAGACTTAAG-4,classical Monocyte
GGAGCAACAGACAAAT-4,CD4 EM-like
GGAGGATGTGTTACAC-4,CD4 EM-like
GGAGGATTCCTAGCGG-4,classical Monocyte
GGAGGTAAGAGGTTTA-4,NK cell
GGAGGTAAGATACAGT-4,NK cell
GGAGGTACACCTTCCA-4,classical Monocyte
GGATCTAAGCTCGCAC-4,NK cell
GGATCTAAGTAGAATC-4,classical Monocyte
GGATGTTGTTACCCAA-4,classical Monocyte
GGCAGTCGTGTGTCGC-4,CD8 EM-like
GGCGTCAAGATGCTTC-4,classical Monocyte
GGCGTCAAGCAAATCA-4,classical Monocyte
GGCGTCAAGTTGGACG-4,NK cell
GGCTGTGAGAAGCGGG-4,B cell IgG+
GGCTGTGGTGACACAG-4,NK cell
GGCTGTGGTGGTCTCG-4,classical Monocyte
GGCTGTGGTTCCTACC-4,B cell IgG-
GGCTGTGTCTTACCAT-4,classical Monocyte
GGCTTGGCACACGGTC-4,classical Monocyte
GGCTTGGGTGGTCCCA-4,CD4 non-EM-like
GGCTTTCAGTCCCAAT-4,classical Monocyte
GGCTTTCGTAATTAGG-4,classical Monocyte
GGCTTTCTCACTCCGT-4,B cell IgG+
GGGAAGTCAACGGTAG-4,CD8 non-EM-like
GGGAAGTCACAGTCAT-4,classical Monocyte
GGGAAGTCATCTAACG-4,classical Monocyte
GGGACAATCGCAATTG-4,NK cell
GGGACCTTCTCGCTTG-4,classical Monocyte
GGGACCTTCTTAAGGC-4,classical Monocyte
GGGACTCTCATTCCTA-4,CD4 EM-like
GGGAGATCATGTGCTA-4,B cell IgG-
GGGAGATGTTAGAGAT-4,classical Monocyte
GGGAGTATCATGCTAG-4,NK cell
GGGCGTTAGCGACTAG-4,B cell IgG-
GGGCGTTCAAGTGGGT-4,classical Monocyte
GGGCTACAGTCATCGT-4,classical Monocyte
GGGTAGAGTGCAGATG-4,classical Monocyte
GGGTAGATCCCACAGG-4,classical Monocyte
GGGTATTTCCGTGGCA-4,classical Monocyte
GGGTCTGTCCATTTCA-4,classical Monocyte
GGGTGTCGTCTGATCA-4,B cell IgG-
GGGTTATAGCTTCTAG-4,CD8 EM-like
GGGTTTAAGGTAGGCT-4,B cell IgG+
GGGTTTAAGTCAGGGT-4,classical Monocyte
GGGTTTACAGCGTGCT-4,classical Monocyte
GGTAACTCAAAGGCTG-4,NK cell
GGTAATCAGCAGCACA-4,classical Monocyte
GGTAATCTCTAGTGTG-4,nonclassical Monocyte
GGTAGAGGTCGGCCTA-4,classical Monocyte
GGTCTGGCACACCTTC-4,classical Monocyte
GGTGAAGGTGGGTATG-4,classical Monocyte
GGTGAAGTCACGATAC-4,CD8 non-EM-like
GGTGAAGTCTAATTCC-4,nonclassical Monocyte
GGTGATTAGAGGCGGA-4,NK cell
GGTGATTGTCTACACA-4,B cell IgG-
GGTGATTGTTTGACAC-4,B cell IgG-
GGTGATTTCTACCACC-4,B cell IgG+
GGTGGCTAGTTCCATG-4,classical Monocyte
GGTGGCTCAATCCTTT-4,CD8 non-EM-like
GGTGGCTTCGGAACTT-4,B cell IgG-
GGTGTCGCATGGGTTT-4,CD8 EM-like
GGTGTTAAGTACCATC-4,classical Monocyte
GGTTAACCAGTTGGTT-4,classical Monocyte
GGTTAACGTATCGCGC-4,NK cell
GGTTCTCGTGAGACGT-4,nonclassical Monocyte
GGTTCTCGTGCAGGAT-4,classical Monocyte
GGTTCTCGTTAGTTCG-4,classical Monocyte
GGTTGTATCGCTTAAG-4,B cell IgG-
GTAACACCAGAAATTG-4,classical Monocyte
GTAACCAGTGAATGAT-4,classical Monocyte
GTAAGTCAGTGCTAGG-4,classical Monocyte
GTAAGTCGTTATGTGC-4,NK cell
GTAAGTCTCAGCACCG-4,classical Monocyte
GTAATCGAGTGGTCAG-4,classical Monocyte
GTACAACAGTCGCCCA-4,NK cell
GTACAACCAGCTCCTT-4,classical Monocyte
GTACAACGTTATCTGG-4,classical Monocyte
GTAGAAAGTGGACCTC-4,classical Monocyte
GTAGAAAGTGTGTTTG-4,classical Monocyte
GTAGAGGCACCAACAT-4,classical Monocyte
GTAGATCCAGCGTTTA-4,classical Monocyte
GTAGCTAAGCTACAAA-4,classical Monocyte
GTAGCTAAGGCGAAGG-4,CD4 EM-like
GTAGCTACACACAGCC-4,classical Monocyte
GTAGCTATCGGAGTAG-4,classical Monocyte
GTAGGAGCACTCCCTA-4,CD4 EM-like
GTATTGGCACCAGTTA-4,NK cell
GTATTGGCAGACACCC-4,CD8 non-EM-like
GTATTTCGTCCGATCG-4,B cell IgG+
GTCAAACCAAATCGGG-4,NK cell
GTCAAGTCAATAGTGA-4,CD8 non-EM-like
GTCAAGTGTTCCACGG-4,CD8 non-EM-like
GTCAAGTTCCTATGGA-4,B cell IgG-
GTCAAGTTCGGAAGGT-4,CD4 EM-like
GTCACTCAGAAACTAC-4,classical Monocyte
GTCACTCGTGATACCT-4,classical Monocyte
GTCATCCAGCTAATGA-4,B cell IgG-
GTCATCCAGTGCGCTC-4,classical Monocyte
GTCATTTCAACCCTCT-4,B cell IgG+
GTCATTTCATCGCTAA-4,CD8 EM-like
GTCATTTTCCTCTAGC-4,CD8 EM-like
GTCCACTAGAAGCTGC-4,classical Monocyte
GTCCCATGTTTGACAC-4,CD4 non-EM-like
GTCCCATTCGGACTGC-4,CD4 non-EM-like
GTCGAATAGCTTCTAG-4,NK cell
GTCGAATCAGAGGCAT-4,CD8 non-EM-like
GTCTACCCACAGTGTT-4,B cell IgG-
GTCTACCCATGAATCC-4,classical Monocyte
GTCTACCTCAGGAAGC-4,classical Monocyte
GTCTAGACAGCTCATA-4,classical Monocyte
GTCTAGATCCGGACTG-4,classical Monocyte
GTCTCACAGTGGATTA-4,NK cell
GTCTCACGTTCAATCG-4,classical Monocyte
GTCTGTCGTTCTGACA-4,NK cell
GTCTTTAAGACCAAGC-4,nonclassical Monocyte
GTCTTTAAGCCGTCGT-4,classical Monocyte
GTCTTTAGTCCCGTGA-4,B cell IgG-
GTGACGCGTCTCTCAC-4,NK cell
GTGACGCGTTACGCCG-4,B cell IgG-
GTGAGCCCAAGCAGGT-4,classical Monocyte
GTGAGGATCACTTATC-4,CD8 non-EM-like
GTGAGTTAGGTTTACC-4,classical Monocyte
GTGCAGCCACAAATGA-4,classical Monocyte
GTGCAGCTCATTACTC-4,nonclassical Monocyte
GTGCGTGTCAGACCGC-4,classical Monocyte
GTGCTTCAGTCCGCGT-4,NK cell
GTGCTTCCATGGACAG-4,CD4 non-EM-like
GTGGAAGCATGCCATA-4,classical Monocyte
GTGGAGACAGCAGGAT-4,classical Monocyte
GTGGAGAGTATCGAAA-4,classical Monocyte
GTGGCGTGTCACTACA-4,CD8 non-EM-like
GTGGCGTGTCGTGCCA-4,classical Monocyte
GTGGCGTTCACTGGGC-4,CD4 EM-like
GTGGGAATCCGCACTT-4,B cell IgG-
GTGGGAATCTACGCGG-4,classical Monocyte
GTGGTTAAGACTACGG-4,classical Monocyte
GTGGTTACATCCTTGC-4,classical Monocyte
GTGGTTATCGCGCTGA-4,nonclassical Monocyte
GTGTAACGTACCTATG-4,nonclassical Monocyte
GTGTAACTCGCAACAT-4,classical Monocyte
GTGTCCTGTGCAAGAC-4,classical Monocyte
GTGTCCTTCACTTCTA-4,classical Monocyte
GTGTGATCAAGGCAAC-4,CD4 non-EM-like
GTGTGATCACTGCATA-4,classical Monocyte
GTGTGGCGTCTACACA-4,classical Monocyte
GTGTTAGAGGGTTTCT-4,B cell IgG-
GTGTTCCGTAACCAGG-4,classical Monocyte
GTTACAGAGCACCAGA-4,B cell IgG+
GTTACAGCAACACAGG-4,B cell IgG-
GTTACAGCATTGACAC-4,B cell IgG-
GTTACCCTCCACCCTA-4,B cell IgG-
GTTATGGGTATCCTTT-4,classical Monocyte
GTTCATTTCTGCCCTA-4,NK cell
GTTCCGTAGTTAACGA-4,classical Monocyte
GTTCCGTCAAGAGTGC-4,classical Monocyte
GTTCCGTGTGCGGTAA-4,CD8 EM-like
GTTCCGTTCGGTCACG-4,classical Monocyte
GTTCGCTAGGCCACTC-4,classical Monocyte
GTTCTATGTGCCTATA-4,CD8 EM-like
GTTGAACGTTCTCGCT-4,classical Monocyte
GTTGCGGCACTGTGAT-4,NK cell
GTTGCGGTCGATACAC-4,B cell IgG-
GTTGCTCTCCTCTCGA-4,CD8 EM-like
GTTGCTCTCTTGGTGA-4,nonclassical Monocyte
GTTGTCCCAGAACGCA-4,B cell IgG-
GTTGTCCGTTACAGCT-4,classical Monocyte
TAACCAGTCTTAAGGC-4,nonclassical Monocyte
TAACGACAGTCACTGT-4,CD4 EM-like
TAACTTCGTTTACTTC-4,classical Monocyte
TAAGCACTCGTGGCTG-4,NK cell
TAAGCCAAGCTAATCC-4,DC
TAAGCCACAAGCTCTA-4,NK cell
TAAGCCAGTGGTATGG-4,classical Monocyte
TAAGCGTGTTTGAAAG-4,classical Monocyte
TAATCTCAGGGAGGAC-4,classical Monocyte
TAATCTCTCAAGAAAC-4,B cell IgG-
TAATCTCTCCGTAATG-4,NK cell
TAATTCCTCAGAATAG-4,classical Monocyte
TACACCCCAAGAATAC-4,classical Monocyte
TACACCCCATGGGAAC-4,B cell IgG+
TACACCCGTCACCCTT-4,classical Monocyte
TACACCCGTGCGCTCA-4,classical Monocyte
TACAGGTAGACAGTCG-4,CD4 EM-like
TACAGGTCAGGCGTTC-4,classical Monocyte
TACATTCAGCGTATGG-4,B cell IgG+
TACCCACAGCATACTC-4,NK cell
TACCCACCAGGAGGTT-4,NK cell
TACCCACCATATGAAG-4,B cell IgG+
TACCCACGTAAGATCA-4,NK cell
TACCCACGTTTCCATT-4,CD8 EM-like
TACCCACTCGACCTAA-4,B cell IgG-
TACCCACTCTCGGTCT-4,NK cell
TACCGAAGTTAAGCAA-4,CD4 EM-like
TACCTCGCATTCGGGC-4,B cell IgG-
TACCTGCAGCCTATTG-4,NK cell
TACGCTCCAGTTTGGT-4,CD8 non-EM-like
TACGCTCGTAGCGTTT-4,classical Monocyte
TACGGGCCAGGTAGTG-4,CD8 non-EM-like
TACGGGCGTAACACCT-4,nonclassical Monocyte
TACGTCCGTTCCGCGA-4,classical Monocyte
TACGTCCTCCGCACGA-4,NK cell
TACTGCCGTATGACAA-4,B cell IgG-
TACTTACTCGATACAC-4,CD4 non-EM-like
TACTTCAAGAGAACCC-4,CD8 EM-like
TACTTGTCAGCGAGTA-4,CD4 non-EM-like
TACTTGTGTTATGTGC-4,classical Monocyte
TAGACTGCATTACTCT-4,NK cell
TAGACTGGTGGAACCA-4,classical Monocyte
TAGACTGTCCTCAGGG-4,B cell IgG-
TAGAGTCAGGCTAAAT-4,NK cell
TAGCACACAGACCCGT-4,NK cell
TAGCACAGTCCGGATC-4,NK cell
TAGGAGGTCTTGAACG-4,CD8 non-EM-like
TAGGGTTGTCAACCTA-4,CD4 EM-like
TAGGTACTCAGCTTCC-4,classical Monocyte
TAGGTTGAGATCGGTG-4,classical Monocyte
TAGGTTGAGCAATAAC-4,B cell IgG-
TAGTGCACACCATTCC-4,classical Monocyte
TAGTGCACATACGCAT-4,classical Monocyte
TAGTGCAGTTTGAAAG-4,classical Monocyte
TATACCTGTAGTCACT-4,NK cell
TATACCTTCCAAATGC-4,B cell IgG-
TATCAGGTCATGCAGT-4,CD4 EM-like
TATCCTACACCAATTG-4,classical Monocyte
TATCGCCCAGTGGCTC-4,CD8 EM-like
TATCTGTCATAATGAG-4,intermediate Monocyte
TATGTTCTCGGTTGTA-4,CD8 non-EM-like
TCAAGACTCAGTGATC-4,B cell IgG+
TCAAGCACAACTGGTT-4,CD4 EM-like
TCAAGTGAGCACCCAC-4,CD4 EM-like
TCAAGTGCACGGATCC-4,NK cell
TCAAGTGTCTGCGGCA-4,classical Monocyte
TCAATTCCATTGTCGA-4,NK cell
TCAATTCGTTTGTGGT-4,classical Monocyte
TCACAAGAGGGCGAGA-4,CD8 non-EM-like
TCACACCAGTATTCCG-4,B cell IgG-
TCACACCCAGAAGTGC-4,CD8 EM-like
TCACACCTCCTACACC-4,classical Monocyte
TCACGCTTCGACGCGT-4,B cell IgG+
TCACTCGTCGCACTCT-4,B cell IgG-
TCAGCAAGTCCGGACT-4,classical Monocyte
TCAGCCTAGTCATCGT-4,B cell IgG+
TCAGCCTGTGTTGAGG-4,B cell IgG-
TCAGGTAAGCCGCACT-4,CD4 EM-like
TCAGTCCGTACCCACG-4,classical Monocyte
TCAGTCCGTTGGTGTT-4,NK cell
TCAGTCCTCGTAGCTA-4,classical Monocyte
TCAGTGAGTCCCGGTA-4,CD4 EM-like
TCAGTTTAGCGCCCAT-4,classical Monocyte
TCAGTTTGTCTTGGTA-4,NK cell
TCATACTAGCGTCGAA-4,NK cell
TCATACTCACTTCAGA-4,classical Monocyte
TCATCATAGAACCCGA-4,B cell IgG-
TCATCATGTACCGTCG-4,classical Monocyte
TCATCATGTACGGTTT-4,CD8 non-EM-like
TCATCATGTGCCCGTA-4,B cell IgG-
TCATCCGTCACTTTGT-4,B cell IgG-
TCATGCCCACATACTG-4,classical Monocyte
TCATGGATCACCGGTG-4,classical Monocyte
TCCACGTGTTCCACAA-4,classical Monocyte
TCCAGAACAACAACAA-4,NK cell
TCCATCGCATTGACAC-4,classical Monocyte
TCCCAGTCATATAGCC-4,CD4 EM-like
TCCGAAAAGCGCTTCG-4,NK cell
TCCGAAATCTCGCTTG-4,CD4 EM-like
TCCGTGTCAAGTTTGC-4,B cell IgG+
TCCGTGTGTCGAAGCA-4,NK cell
TCCTAATAGTCTGGTT-4,CD4 EM-like
TCCTCCCAGACAAGCC-4,classical Monocyte
TCCTCCCGTTTACCAG-4,B cell IgG-
TCCTCCCTCCATTCGC-4,B cell IgG+
TCCTCGACAGGATCTT-4,NK cell
TCCTCGAGTCTGGTTA-4,CD8 non-EM-like
TCCTCTTGTTGTCATG-4,classical Monocyte
TCCTGCAAGAGTCACG-4,CD4 EM-like
TCCTGCATCAATCTTC-4,NK cell
TCCTTCTCACATTACG-4,B cell IgG-
TCCTTTCCATCCTGTC-4,NK cell
TCGAACAAGAGCATAT-4,NK cell
TCGAACACAAATAAGC-4,NK cell
TCGAAGTCACCTCGTT-4,nonclassical Monocyte
TCGAAGTCAGTCGGTC-4,CD4 non-EM-like
TCGACGGAGACCCTTA-4,DC
TCGATTTCACAAGGTG-4,CD4 EM-like
TCGCACTGTCTGTAAC-4,classical Monocyte
TCGCAGGGTGCATACT-4,NK cell
TCGCTCAGTGCCTACG-4,classical Monocyte
TCGGGACCATTCTCCG-4,CD8 EM-like
TCGGGACTCGCCACTT-4,classical Monocyte
TCGGGCACAATGCAAA-4,classical Monocyte
TCGGGTGCAAGGATGC-4,B cell IgG-
TCGGGTGGTTAACAGA-4,classical Monocyte
TCGTAGAGTGCGTGCT-4,classical Monocyte
TCGTCCAAGCAATTAG-4,classical Monocyte
TCGTCCACAACCGTAT-4,classical Monocyte
TCGTGCTAGACAGCGT-4,NK cell
TCGTGCTAGGATACGC-4,B cell IgG+
TCGTGCTAGGTCATCT-4,classical Monocyte
TCGTGCTGTCACAGTT-4,B cell IgG-
TCTAACTCACAGCATT-4,NK cell
TCTAACTCAGAACATA-4,nonclassical Monocyte
TCTAACTTCGACATAC-4,nonclassical Monocyte
TCTACATGTGGGCTCT-4,B cell IgG+
TCTACATTCTGGCCTT-4,B cell IgG-
TCTACATTCTTCCAGC-4,classical Monocyte
TCTACCGTCTCTAGGA-4,classical Monocyte
TCTATCAAGCAAGGAA-4,classical Monocyte
TCTATCAGTAGATTGA-4,classical Monocyte
TCTCACGAGTAAACGT-4,CD8 EM-like
TCTCACGTCAACCTCC-4,nonclassical Monocyte
TCTCCGAAGAGGCTGT-4,classical Monocyte
TCTCCGAAGGACTTCT-4,CD4 EM-like
TCTCCGACATGGAGAC-4,classical Monocyte
TCTCCGAGTGTATTGC-4,B cell IgG-
TCTCCGATCTAGTCAG-4,NK cell
TCTCTGGGTCCGGTCA-4,NK cell
TCTCTGGGTCGGTAAG-4,classical Monocyte
TCTGGCTAGGCATGGT-4,NK cell
TCTGGCTTCTCGCCTA-4,NK cell
TCTGTCGCACCTGTCT-4,classical Monocyte
TCTGTCGCAGTGCCTG-4,B cell IgG+
TCTGTCGTCGACTCCT-4,B cell IgG-
TCTTGCGGTACAAAGT-4,classical Monocyte
TCTTTGACAGCTATAC-4,classical Monocyte
TGAATCGGTAACCCGC-4,classical Monocyte
TGAATGCTCCACGTCT-4,classical Monocyte
TGACAGTAGGATGCGT-4,classical Monocyte
TGACGCGAGGCCGCTT-4,CD8 EM-like
TGAGACTGTACCTAAC-4,CD4 EM-like
TGAGACTTCATGCATG-4,B cell IgG+
TGAGCATTCGCCTTGT-4,classical Monocyte
TGAGCATTCTCCACTG-4,intermediate Monocyte
TGAGCGCAGCTGACCC-4,NK cell
TGAGCGCAGTTAACGA-4,classical Monocyte
TGAGCGCTCTGTTGGA-4,B cell IgG-
TGAGGAGAGTTTCGAC-4,CD4 EM-like
TGAGGGAAGGTCCCGT-4,CD4 EM-like
TGAGGTTCAAGTTCCA-4,classical Monocyte
TGAGGTTGTCTACAAC-4,B cell IgG-
TGAGTCACAAATACAG-4,NK cell
TGATGCATCAAGTCGT-4,NK cell
TGATGGTGTATCGTGT-4,classical Monocyte
TGATGGTTCGAACGGA-4,classical Monocyte
TGATTCTAGGCTCTCG-4,B cell IgG-
TGATTCTCAGTCTTCC-4,classical Monocyte
TGATTCTCATTGTCGA-4,CD4 EM-like
TGATTTCAGAGGATCC-4,NK cell
TGATTTCGTTATGGTC-4,classical Monocyte
TGATTTCTCTTTGCTA-4,B cell IgG-
TGCACGGGTTTGATCG-4,NK cell
TGCAGATCACGACCTG-4,classical Monocyte
TGCAGATTCACGTCCT-4,NK cell
TGCAGTATCCTAAGTG-4,CD8 EM-like
TGCATCCTCGTAGTCA-4,classical Monocyte
TGCATGAAGAGCAGTC-4,B cell IgG-
TGCATGAAGATTGGGC-4,classical Monocyte
TGCATGACAGGACTTT-4,CD4 EM-like
TGCCGAGAGCCATTGT-4,B cell IgG+
TGCCGAGCACGGTAGA-4,CD4 EM-like
TGCGATAAGGTGGCTA-4,classical Monocyte
TGCGGCATCGGATACT-4,classical Monocyte
TGCGGGTAGTAGTCCT-4,classical Monocyte
TGCGGGTGTGGACTGA-4,classical Monocyte
TGCTCGTGTGTCCGTG-4,classical Monocyte
TGCTGAAAGGGAGATA-4,classical Monocyte
TGCTGAAAGTGGTGGT-4,classical Monocyte
TGCTGAAGTCGTCAGC-4,nonclassical Monocyte
TGCTGAATCTTCTGGC-4,NK cell
TGCTTCGGTCAGCGTC-4,nonclassical Monocyte
TGGAACTAGAGAGCAA-4,CD8 non-EM-like
TGGAGAGTCGCCACTT-4,classical Monocyte
TGGAGGAAGCATTGTC-4,classical Monocyte
TGGAGGAGTGGAGAAA-4,classical Monocyte
TGGAGGATCATGGTAC-4,B cell IgG+
TGGATCAGTTCATCGA-4,classical Monocyte
TGGATGTAGGTACATA-4,classical Monocyte
TGGATGTTCTCAAAGC-4,NK cell
TGGCGTGAGGACGCTA-4,classical Monocyte
TGGCGTGGTGATTCTG-4,B cell IgG-
TGGCGTGGTTAGCTAC-4,classical Monocyte
TGGCGTGTCATCCCGT-4,classical Monocyte
TGGCGTGTCTGACCCT-4,classical Monocyte
TGGGAAGCAGTAGTGG-4,classical Monocyte
TGGGAAGGTAGCACGA-4,B cell IgG-
TGGGAAGTCAAGCCCG-4,classical Monocyte
TGGGAAGTCTGGGAGA-4,CD8 non-EM-like
TGGGAGAAGGGCGAGA-4,DC
TGGGATTAGCTAGAAT-4,NK cell
TGGGATTCACGTACTA-4,classical Monocyte
TGGGCGTAGCCTCGTG-4,CD4 EM-like
TGGGCGTGTTTGGGAG-4,classical Monocyte
TGGGTTAAGTCATGCT-4,classical Monocyte
TGGGTTAGTACAGTAA-4,classical Monocyte
TGGGTTAGTGTTCAGT-4,classical Monocyte
TGGTAGTAGATGAATC-4,NK cell
TGGTAGTCAAGAGTTA-4,NK cell
TGGTGATAGGCCGCTT-4,classical Monocyte
TGGTGATGTCCACAGC-4,classical Monocyte
TGTAAGCGTGATGGCA-4,CD4 EM-like
TGTACAGCACAGTGAG-4,nonclassical Monocyte
TGTACAGTCATCTATC-4,B cell IgG-
TGTCAGAAGTCGCCCA-4,NK cell
TGTCAGAGTCGCTTGG-4,B cell IgG-
TGTCCACCAGGGCTTC-4,CD4 non-EM-like
TGTCCCAAGAAATCCA-4,CD8 EM-like
TGTCCCACAACCAACT-4,B cell IgG-
TGTCCCATCACCTGGG-4,classical Monocyte
TGTCCTGGTAACATCC-4,classical Monocyte
TGTCCTGTCAGCCCAG-4,classical Monocyte
TGTGAGTTCACAGAGG-4,CD8 EM-like
TGTGATGCAACCAGAG-4,B cell IgG+
TGTGATGGTAGTCGGA-4,classical Monocyte
TGTGATGGTGCGCTCA-4,CD4 EM-like
TGTGCGGCAAGCAATA-4,CD8 non-EM-like
TGTGGCGCATCTGTTT-4,NK cell
TGTTCATAGTGCTCAT-4,B cell IgG-
TGTTCATGTATGCGTT-4,CD8 non-EM-like
TGTTCATGTCGGTACC-4,classical Monocyte
TGTTCATTCCCGAGGT-4,NK cell
TGTTCCGCAAGGCTTT-4,B cell IgG-
TGTTCCGTCTCCAAGA-4,classical Monocyte
TGTTCTACACCCTATC-4,classical Monocyte
TGTTCTATCTTACTGT-4,classical Monocyte
TGTTGAGCACTTCAGA-4,CD4 EM-like
TGTTGAGGTACTCGTA-4,B cell IgG+
TGTTGGACAGCGCTTG-4,CD4 EM-like
TGTTTGTAGGGTTAGC-4,classical Monocyte
TTAATCCCAAGTGTCT-4,classical Monocyte
TTACAGGCACAAAGCG-4,B cell IgG-
TTACCATCAGATCCAT-4,NK cell
TTACCATTCCACTTTA-4,classical Monocyte
TTACCGCTCTTGTTAC-4,classical Monocyte
TTACGCCGTGACCTGC-4,B cell IgG+
TTACGTTAGCACAAAT-4,classical Monocyte
TTACTGTCAGGGTTGA-4,classical Monocyte
TTAGGCAGTATCTCTT-4,NK cell
TTCAATCGTTCGAGCC-4,classical Monocyte
TTCACCGAGGAGAGGC-4,B cell IgG-
TTCACCGGTACTCGCG-4,classical Monocyte
TTCACGCAGTCAGCCC-4,NK cell
TTCAGGATCAAAGGAT-4,classical Monocyte
TTCAGGATCTCCTGAC-4,CD8 EM-like
TTCATGTCAGATCCTA-4,classical Monocyte
TTCATTGAGTTCATGC-4,classical Monocyte
TTCATTGCACGTTGGC-4,classical Monocyte
TTCCAATAGAGAGCCT-4,classical Monocyte
TTCCAATCAAGCAGGT-4,classical Monocyte
TTCCACGGTCTAACGT-4,B cell IgG-
TTCCGGTTCATGAGTC-4,NK cell
TTCCGTGAGGCAGGTT-4,classical Monocyte
TTCCGTGTCCAAATGC-4,classical Monocyte
TTCCTAACACTGGACC-4,classical Monocyte
TTCCTCTAGCTCGACC-4,B cell IgG-
TTCCTCTCAAACCACT-4,classical Monocyte
TTCCTCTCAGACCTGC-4,B cell IgG+
TTCCTTCAGTATGGCG-4,NK cell
TTCCTTCCATGATAGA-4,NK cell
TTCCTTCTCAAGAGGC-4,classical Monocyte
TTCGATTGTAGGTTTC-4,classical Monocyte
TTCGATTTCGGACTGC-4,NK cell
TTCGCTGAGCGTTACT-4,NK cell
TTCTAACCACAAGTGG-4,classical Monocyte
TTCTAACTCATCCTAT-4,nonclassical Monocyte
TTCTAGTAGGAACGAA-4,B cell IgG+
TTCTAGTGTCCGGATC-4,B cell IgG-
TTCTCTCTCTGCAGCG-4,classical Monocyte
TTCTGTAAGGAGAGGC-4,classical Monocyte
TTCTGTACAGTTGCGC-4,classical Monocyte
TTCTTGACAGAAACCG-4,B cell IgG-
TTGAACGAGTGGAAGA-4,classical Monocyte
TTGAACGCAGTGGGTA-4,B cell IgG-
TTGATGGCAGGTTACT-4,classical Monocyte
TTGATGGTCGGTCTAA-4,classical Monocyte
TTGATGGTCTGCGAGC-4,CD8 non-EM-like
TTGCCTGCATGTAACC-4,classical Monocyte
TTGCCTGGTGCAGTGA-4,B cell IgG-
TTGCCTGTCTACTATC-4,B cell IgG+
TTGGGATCAGCGTGAA-4,classical Monocyte
TTGGGATTCCCTCGTA-4,NK cell
TTGGGCGTCTTGGCTC-4,classical Monocyte
TTGGGTACAAGACGAC-4,B cell IgG-
TTGGGTACAGACACAG-4,CD4 non-EM-like
TTGGGTATCCATAGGT-4,classical Monocyte
TTGGGTATCCTGCCAT-4,classical Monocyte
TTGTGTTCAATCCAGT-4,classical Monocyte
TTGTTCAAGATGCTAA-4,classical Monocyte
TTGTTCAAGCAAATCA-4,classical Monocyte
TTGTTCACAAAGGGTC-4,classical Monocyte
TTGTTGTGTCGCAACC-4,classical Monocyte
TTGTTGTGTCTCGCGA-4,classical Monocyte
TTGTTTGAGGTAGTCG-4,NK cell
TTGTTTGCATCACGGC-4,classical Monocyte
TTTACCAAGCTCATAC-4,classical Monocyte
TTTACCAAGGTTACCT-4,B cell IgG-
TTTACCATCCGATTAG-4,classical Monocyte
TTTACGTCAATTGCTG-4,classical Monocyte
TTTACGTTCGAGAGAC-4,classical Monocyte
TTTAGTCGTCTTCAAG-4,CD8 non-EM-like
TTTAGTCTCTGCATGA-4,B cell IgG-
TTTATGCGTGCCCTTT-4,NK cell
TTTATGCGTTCTCGTC-4,classical Monocyte
TTTCACACATAATCCG-4,B cell IgG-
TTTCATGGTCCGGCAT-4,classical Monocyte
TTTCCTCAGTGGACGT-4,CD4 EM-like
TTTCCTCGTTGAGGAC-4,B cell IgG-
TTTCGATTCCGGTAGC-4,NK cell
TTTCGATTCCGTTGAA-4,CD8 non-EM-like
TTTGACTAGCTAATGA-4,CD8 EM-like
TTTGATCAGTGACACG-4,classical Monocyte
TTTGATCTCATAGGCT-4,NK cell
TTTGGAGCAAAGGCGT-4,classical Monocyte
TTTGGAGGTCCAGCGT-4,nonclassical Monocyte
TTTGGAGGTTCGGCCA-4,CD4 EM-like
TTTGGTTCATGACCCG-4,classical Monocyte
